,polarization,avg_degree,num_states,color
0,1,5,1.0,1
1,1,6,1.0,1
2,1,7,1.0,1
3,1,8,1.0,1
4,1,9,1.0,1
5,1,10,1.0,1
6,1,11,1.0,1
7,1,12,1.0,1
8,1,13,1.0,1
9,1,14,1.0,1
10,1,15,1.0,1
11,1,16,1.0,1
12,1,17,1.0,1
13,1,18,1.0,1
14,1,19,1.0,1
15,1,20,1.0,1
16,1,21,1.0,1
17,1,22,1.0,1
18,1,23,1.0,1
19,1,24,1.0,1
20,1,25,1.0,1
21,1,26,1.0,1
22,1,27,1.0,1
23,1,28,1.0,1
24,1,29,1.0,1
25,1,30,1.0,1
26,1,31,1.0,1
27,1,32,1.0,1
28,1,33,1.0,1
29,1,34,1.0,1
30,1,35,1.0,1
31,1,36,1.0,1
32,1,37,1.0,1
33,1,38,1.0,1
34,1,39,1.0,1
35,1,40,1.0,1
36,1,41,1.0,1
37,1,42,1.0,1
38,1,43,1.0,1
39,1,44,1.0,1
40,1,45,1.0,1
41,1,46,1.0,1
42,1,47,1.0,1
43,1,48,1.0,1
44,1,49,1.0,1
45,2,5,1.0,1
46,2,6,1.0,1
47,2,7,1.0,1
48,2,8,1.0,1
49,2,9,1.0,1
50,2,10,1.0,1
51,2,11,1.0,1
52,2,12,1.0,1
53,2,13,1.0,1
54,2,14,1.0,1
55,2,15,1.0,1
56,2,16,1.0,1
57,2,17,1.0,1
58,2,18,1.0,1
59,2,19,1.0,1
60,2,20,1.0,1
61,2,21,1.0,1
62,2,22,1.0,1
63,2,23,1.0,1
64,2,24,1.0,1
65,2,25,1.0,1
66,2,26,1.0,1
67,2,27,1.0,1
68,2,28,1.0,1
69,2,29,1.0,1
70,2,30,1.0,1
71,2,31,1.0,1
72,2,32,1.0,1
73,2,33,1.0,1
74,2,34,1.0,1
75,2,35,1.0,1
76,2,36,1.0,1
77,2,37,1.0,1
78,2,38,1.0,1
79,2,39,1.0,1
80,2,40,1.0,1
81,2,41,1.0,1
82,2,42,1.0,1
83,2,43,1.0,1
84,2,44,1.0,1
85,2,45,1.0,1
86,2,46,1.0,1
87,2,47,1.0,1
88,2,48,1.0,1
89,2,49,1.0,1
90,3,5,1.0,1
91,3,6,1.0,1
92,3,7,1.0,1
93,3,8,1.0,1
94,3,9,1.0,1
95,3,10,1.0,1
96,3,11,1.0,1
97,3,12,1.0,1
98,3,13,1.0,1
99,3,14,1.0,1
100,3,15,1.0,1
101,3,16,1.0,1
102,3,17,1.0,1
103,3,18,1.0,1
104,3,19,1.0,1
105,3,20,1.0,1
106,3,21,1.0,1
107,3,22,1.0,1
108,3,23,1.0,1
109,3,24,1.0,1
110,3,25,1.0,1
111,3,26,1.0,1
112,3,27,1.0,1
113,3,28,1.0,1
114,3,29,1.0,1
115,3,30,1.0,1
116,3,31,1.0,1
117,3,32,1.0,1
118,3,33,1.0,1
119,3,34,1.0,1
120,3,35,1.0,1
121,3,36,1.0,1
122,3,37,1.0,1
123,3,38,1.0,1
124,3,39,1.0,1
125,3,40,1.0,1
126,3,41,1.0,1
127,3,42,1.0,1
128,3,43,1.0,1
129,3,44,1.0,1
130,3,45,1.0,1
131,3,46,1.0,1
132,3,47,1.0,1
133,3,48,1.0,1
134,3,49,1.0,1
135,4,5,1.0,1
136,4,6,1.0,1
137,4,7,1.0,1
138,4,8,1.0,1
139,4,9,1.0,1
140,4,10,1.0,1
141,4,11,1.0,1
142,4,12,1.0,1
143,4,13,1.0,1
144,4,14,1.0,1
145,4,15,1.0,1
146,4,16,1.0,1
147,4,17,1.0,1
148,4,18,1.0,1
149,4,19,1.0,1
150,4,20,1.0,1
151,4,21,1.0,1
152,4,22,1.0,1
153,4,23,1.0,1
154,4,24,1.0,1
155,4,25,1.0,1
156,4,26,1.0,1
157,4,27,1.0,1
158,4,28,1.0,1
159,4,29,1.0,1
160,4,30,1.0,1
161,4,31,1.0,1
162,4,32,1.0,1
163,4,33,1.0,1
164,4,34,1.0,1
165,4,35,1.0,1
166,4,36,1.0,1
167,4,37,1.0,1
168,4,38,1.0,1
169,4,39,1.0,1
170,4,40,1.0,1
171,4,41,1.0,1
172,4,42,1.0,1
173,4,43,1.0,1
174,4,44,1.0,1
175,4,45,1.0,1
176,4,46,1.0,1
177,4,47,1.0,1
178,4,48,1.0,1
179,4,49,1.0,1
180,5,5,1.0,1
181,5,6,1.0,1
182,5,7,1.0,1
183,5,8,1.0,1
184,5,9,1.0,1
185,5,10,1.0,1
186,5,11,1.0,1
187,5,12,1.0,1
188,5,13,1.0,1
189,5,14,1.0,1
190,5,15,1.0,1
191,5,16,1.0,1
192,5,17,1.0,1
193,5,18,1.0,1
194,5,19,1.0,1
195,5,20,1.0,1
196,5,21,1.0,1
197,5,22,1.0,1
198,5,23,1.0,1
199,5,24,1.0,1
200,5,25,1.0,1
201,5,26,1.0,1
202,5,27,1.0,1
203,5,28,1.0,1
204,5,29,1.0,1
205,5,30,1.0,1
206,5,31,1.0,1
207,5,32,1.0,1
208,5,33,1.0,1
209,5,34,1.0,1
210,5,35,1.0,1
211,5,36,1.0,1
212,5,37,1.0,1
213,5,38,1.0,1
214,5,39,1.0,1
215,5,40,1.0,1
216,5,41,1.0,1
217,5,42,1.0,1
218,5,43,1.0,1
219,5,44,1.0,1
220,5,45,1.0,1
221,5,46,1.0,1
222,5,47,1.0,1
223,5,48,1.0,1
224,5,49,1.0,1
225,6,5,1.0,1
226,6,6,1.0,1
227,6,7,1.0,1
228,6,8,1.0,1
229,6,9,1.0,1
230,6,10,1.0,1
231,6,11,1.0,1
232,6,12,1.0,1
233,6,13,1.0,1
234,6,14,1.0,1
235,6,15,1.0,1
236,6,16,1.0,1
237,6,17,1.0,1
238,6,18,1.0,1
239,6,19,1.0,1
240,6,20,1.0,1
241,6,21,1.0,1
242,6,22,1.0,1
243,6,23,1.0,1
244,6,24,1.0,1
245,6,25,1.0,1
246,6,26,1.0,1
247,6,27,1.0,1
248,6,28,1.0,1
249,6,29,1.0,1
250,6,30,1.0,1
251,6,31,1.0,1
252,6,32,1.0,1
253,6,33,1.0,1
254,6,34,1.0,1
255,6,35,1.0,1
256,6,36,1.0,1
257,6,37,1.0,1
258,6,38,1.0,1
259,6,39,1.0,1
260,6,40,1.0,1
261,6,41,2.0,1
262,6,42,1.0,1
263,6,43,1.0,1
264,6,44,1.0,1
265,6,45,1.0,1
266,6,46,1.0,1
267,6,47,1.0,1
268,6,48,1.0,1
269,6,49,1.0,1
270,7,5,1.0,1
271,7,6,1.0,1
272,7,7,1.0,1
273,7,8,1.0,1
274,7,9,1.0,1
275,7,10,1.0,1
276,7,11,1.0,1
277,7,12,1.0,1
278,7,13,1.0,1
279,7,14,1.0,1
280,7,15,1.0,1
281,7,16,1.0,1
282,7,17,1.0,1
283,7,18,1.0,1
284,7,19,1.0,1
285,7,20,1.0,1
286,7,21,1.0,1
287,7,22,2.0,1
288,7,23,1.0,1
289,7,24,1.0,1
290,7,25,1.0,1
291,7,26,1.0,1
292,7,27,1.0,1
293,7,28,1.0,1
294,7,29,1.0,1
295,7,30,1.0,1
296,7,31,1.0,1
297,7,32,1.0,1
298,7,33,1.0,1
299,7,34,1.0,1
300,7,35,1.0,1
301,7,36,1.0,1
302,7,37,1.0,1
303,7,38,1.0,1
304,7,39,1.0,1
305,7,40,1.0,1
306,7,41,1.0,1
307,7,42,1.0,1
308,7,43,1.0,1
309,7,44,1.0,1
310,7,45,1.0,1
311,7,46,1.0,1
312,7,47,1.0,1
313,7,48,1.0,1
314,7,49,1.0,1
315,8,5,1.0,1
316,8,6,1.0,1
317,8,7,1.0,1
318,8,8,1.0,1
319,8,9,1.0,1
320,8,10,1.0,1
321,8,11,1.0,1
322,8,12,1.0,1
323,8,13,1.0,1
324,8,14,1.0,1
325,8,15,1.0,1
326,8,16,1.0,1
327,8,17,2.0,1
328,8,18,1.0,1
329,8,19,1.0,1
330,8,20,1.0,1
331,8,21,1.0,1
332,8,22,1.0,1
333,8,23,1.0,1
334,8,24,1.0,1
335,8,25,1.0,1
336,8,26,1.0,1
337,8,27,1.0,1
338,8,28,1.0,1
339,8,29,1.0,1
340,8,30,1.0,1
341,8,31,1.0,1
342,8,32,1.0,1
343,8,33,1.0,1
344,8,34,1.0,1
345,8,35,1.0,1
346,8,36,1.0,1
347,8,37,1.0,1
348,8,38,1.0,1
349,8,39,1.0,1
350,8,40,1.0,1
351,8,41,1.0,1
352,8,42,1.0,1
353,8,43,1.0,1
354,8,44,1.0,1
355,8,45,1.0,1
356,8,46,1.0,1
357,8,47,1.0,1
358,8,48,1.0,1
359,8,49,1.0,1
360,9,5,1.0,1
361,9,6,1.0,1
362,9,7,1.0,1
363,9,8,1.0,1
364,9,9,2.0,1
365,9,10,1.0,1
366,9,11,1.0,1
367,9,12,1.0,1
368,9,13,1.0,1
369,9,14,1.0,1
370,9,15,1.0,1
371,9,16,1.0,1
372,9,17,1.0,1
373,9,18,1.0,1
374,9,19,1.0,1
375,9,20,1.0,1
376,9,21,1.0,1
377,9,22,1.0,1
378,9,23,1.0,1
379,9,24,1.0,1
380,9,25,1.0,1
381,9,26,1.0,1
382,9,27,1.0,1
383,9,28,1.0,1
384,9,29,1.0,1
385,9,30,1.0,1
386,9,31,1.0,1
387,9,32,1.0,1
388,9,33,1.0,1
389,9,34,1.0,1
390,9,35,1.0,1
391,9,36,1.0,1
392,9,37,1.0,1
393,9,38,1.0,1
394,9,39,1.0,1
395,9,40,1.0,1
396,9,41,1.0,1
397,9,42,1.0,1
398,9,43,1.0,1
399,9,44,1.0,1
400,9,45,1.0,1
401,9,46,1.0,1
402,9,47,1.0,1
403,9,48,1.0,1
404,9,49,1.0,1
405,10,5,2.0,1
406,10,6,1.0,1
407,10,7,1.0,1
408,10,8,1.0,1
409,10,9,1.0,1
410,10,10,1.0,1
411,10,11,1.0,1
412,10,12,1.0,1
413,10,13,1.0,1
414,10,14,1.0,1
415,10,15,1.0,1
416,10,16,1.0,1
417,10,17,1.0,1
418,10,18,2.0,1
419,10,19,1.0,1
420,10,20,1.0,1
421,10,21,1.0,1
422,10,22,1.0,1
423,10,23,2.0,1
424,10,24,1.0,1
425,10,25,1.0,1
426,10,26,1.0,1
427,10,27,1.0,1
428,10,28,1.0,1
429,10,29,1.0,1
430,10,30,1.0,1
431,10,31,1.0,1
432,10,32,1.0,1
433,10,33,1.0,1
434,10,34,1.0,1
435,10,35,1.0,1
436,10,36,2.0,1
437,10,37,1.0,1
438,10,38,1.0,1
439,10,39,1.0,1
440,10,40,1.0,1
441,10,41,1.0,1
442,10,42,1.0,1
443,10,43,2.0,1
444,10,44,1.0,1
445,10,45,1.0,1
446,10,46,2.0,1
447,10,47,1.0,1
448,10,48,2.0,1
449,10,49,1.0,1
450,11,5,1.0,1
451,11,6,1.0,1
452,11,7,1.0,1
453,11,8,1.0,1
454,11,9,1.0,1
455,11,10,1.0,1
456,11,11,1.0,1
457,11,12,1.0,1
458,11,13,1.0,1
459,11,14,2.0,1
460,11,15,1.0,1
461,11,16,1.0,1
462,11,17,2.0,1
463,11,18,2.0,1
464,11,19,2.0,1
465,11,20,1.0,1
466,11,21,2.0,1
467,11,22,1.0,1
468,11,23,1.0,1
469,11,24,1.0,1
470,11,25,1.0,1
471,11,26,1.0,1
472,11,27,1.0,1
473,11,28,1.0,1
474,11,29,1.0,1
475,11,30,2.0,1
476,11,31,2.0,1
477,11,32,1.0,1
478,11,33,1.0,1
479,11,34,1.0,1
480,11,35,1.0,1
481,11,36,2.0,1
482,11,37,2.0,1
483,11,38,2.0,1
484,11,39,1.0,1
485,11,40,2.0,1
486,11,41,2.0,1
487,11,42,1.0,1
488,11,43,2.0,1
489,11,44,1.0,1
490,11,45,2.0,1
491,11,46,1.0,1
492,11,47,1.0,1
493,11,48,1.0,1
494,11,49,2.0,1
495,12,5,2.0,1
496,12,6,1.0,1
497,12,7,1.0,1
498,12,8,1.0,1
499,12,9,1.0,1
500,12,10,1.0,1
501,12,11,1.0,1
502,12,12,1.0,1
503,12,13,1.0,1
504,12,14,2.0,1
505,12,15,2.0,1
506,12,16,1.0,1
507,12,17,1.0,1
508,12,18,1.0,1
509,12,19,1.0,1
510,12,20,1.0,1
511,12,21,1.0,1
512,12,22,2.0,1
513,12,23,1.0,1
514,12,24,1.0,1
515,12,25,1.0,1
516,12,26,1.0,1
517,12,27,1.0,1
518,12,28,1.0,1
519,12,29,1.0,1
520,12,30,2.0,1
521,12,31,1.0,1
522,12,32,2.0,1
523,12,33,1.0,1
524,12,34,1.0,1
525,12,35,1.0,1
526,12,36,2.0,1
527,12,37,1.0,1
528,12,38,1.0,1
529,12,39,1.0,1
530,12,40,1.0,1
531,12,41,2.0,1
532,12,42,1.0,1
533,12,43,1.0,1
534,12,44,2.0,1
535,12,45,2.0,1
536,12,46,1.0,1
537,12,47,1.0,1
538,12,48,1.0,1
539,12,49,1.0,1
540,13,5,1.0,1
541,13,6,2.0,1
542,13,7,1.0,1
543,13,8,2.0,1
544,13,9,1.0,1
545,13,10,1.0,1
546,13,11,2.0,1
547,13,12,1.0,1
548,13,13,2.0,1
549,13,14,1.0,1
550,13,15,1.0,1
551,13,16,1.0,1
552,13,17,2.0,1
553,13,18,1.0,1
554,13,19,1.0,1
555,13,20,2.0,1
556,13,21,1.0,1
557,13,22,1.0,1
558,13,23,1.0,1
559,13,24,1.0,1
560,13,25,2.0,1
561,13,26,1.0,1
562,13,27,1.0,1
563,13,28,1.0,1
564,13,29,1.0,1
565,13,30,1.0,1
566,13,31,2.0,1
567,13,32,1.0,1
568,13,33,2.0,1
569,13,34,2.0,1
570,13,35,2.0,1
571,13,36,2.0,1
572,13,37,1.0,1
573,13,38,2.0,1
574,13,39,1.0,1
575,13,40,1.0,1
576,13,41,1.0,1
577,13,42,1.0,1
578,13,43,1.0,1
579,13,44,1.0,1
580,13,45,2.0,1
581,13,46,2.0,1
582,13,47,1.0,1
583,13,48,1.0,1
584,13,49,2.0,1
585,14,5,2.0,1
586,14,6,1.0,1
587,14,7,2.0,1
588,14,8,2.0,1
589,14,9,1.0,1
590,14,10,2.0,1
591,14,11,2.0,1
592,14,12,2.0,1
593,14,13,1.0,1
594,14,14,1.0,1
595,14,15,2.0,1
596,14,16,1.0,1
597,14,17,2.0,1
598,14,18,2.0,1
599,14,19,2.0,1
600,14,20,1.0,1
601,14,21,2.0,1
602,14,22,2.0,1
603,14,23,2.0,1
604,14,24,2.0,1
605,14,25,1.0,1
606,14,26,1.0,1
607,14,27,2.0,1
608,14,28,2.0,1
609,14,29,2.0,1
610,14,30,1.0,1
611,14,31,1.0,1
612,14,32,2.0,1
613,14,33,1.0,1
614,14,34,1.0,1
615,14,35,2.0,1
616,14,36,1.0,1
617,14,37,2.0,1
618,14,38,2.0,1
619,14,39,1.0,1
620,14,40,2.0,1
621,14,41,2.0,1
622,14,42,1.0,1
623,14,43,1.0,1
624,14,44,1.0,1
625,14,45,2.0,1
626,14,46,1.0,1
627,14,47,1.0,1
628,14,48,1.0,1
629,14,49,1.0,1
630,15,5,1.0,1
631,15,6,2.0,1
632,15,7,2.0,1
633,15,8,1.0,1
634,15,9,2.0,1
635,15,10,1.0,1
636,15,11,2.0,1
637,15,12,1.0,1
638,15,13,2.0,1
639,15,14,1.0,1
640,15,15,2.0,1
641,15,16,2.0,1
642,15,17,2.0,1
643,15,18,2.0,1
644,15,19,2.0,1
645,15,20,2.0,1
646,15,21,2.0,1
647,15,22,2.0,1
648,15,23,2.0,1
649,15,24,2.0,1
650,15,25,1.0,1
651,15,26,1.0,1
652,15,27,2.0,1
653,15,28,1.0,1
654,15,29,1.0,1
655,15,30,2.0,1
656,15,31,2.0,1
657,15,32,2.0,1
658,15,33,2.0,1
659,15,34,2.0,1
660,15,35,2.0,1
661,15,36,1.0,1
662,15,37,2.0,1
663,15,38,1.0,1
664,15,39,2.0,1
665,15,40,1.0,1
666,15,41,1.0,1
667,15,42,1.0,1
668,15,43,2.0,1
669,15,44,2.0,1
670,15,45,2.0,1
671,15,46,1.0,1
672,15,47,2.0,1
673,15,48,2.0,1
674,15,49,1.0,1
675,16,5,1.0,1
676,16,6,1.0,1
677,16,7,2.0,1
678,16,8,1.0,1
679,16,9,2.0,1
680,16,10,2.0,1
681,16,11,1.0,1
682,16,12,2.0,1
683,16,13,2.0,1
684,16,14,2.0,1
685,16,15,2.0,1
686,16,16,2.0,1
687,16,17,1.0,1
688,16,18,1.0,1
689,16,19,2.0,1
690,16,20,2.0,1
691,16,21,2.0,1
692,16,22,2.0,1
693,16,23,2.0,1
694,16,24,2.0,1
695,16,25,2.0,1
696,16,26,2.0,1
697,16,27,1.0,1
698,16,28,1.0,1
699,16,29,2.0,1
700,16,30,2.0,1
701,16,31,2.0,1
702,16,32,2.0,1
703,16,33,2.0,1
704,16,34,2.0,1
705,16,35,2.0,1
706,16,36,2.0,1
707,16,37,1.0,1
708,16,38,2.0,1
709,16,39,2.0,1
710,16,40,2.0,1
711,16,41,2.0,1
712,16,42,2.0,1
713,16,43,2.0,1
714,16,44,2.0,1
715,16,45,1.0,1
716,16,46,2.0,1
717,16,47,1.0,1
718,16,48,2.0,1
719,16,49,2.0,1
720,17,5,2.0,1
721,17,6,2.0,1
722,17,7,2.0,1
723,17,8,2.0,1
724,17,9,2.0,1
725,17,10,2.0,1
726,17,11,2.0,1
727,17,12,2.0,1
728,17,13,2.0,1
729,17,14,2.0,1
730,17,15,2.0,1
731,17,16,2.0,1
732,17,17,2.0,1
733,17,18,1.0,1
734,17,19,2.0,1
735,17,20,2.0,1
736,17,21,2.0,1
737,17,22,2.0,1
738,17,23,2.0,1
739,17,24,2.0,1
740,17,25,2.0,1
741,17,26,2.0,1
742,17,27,1.0,1
743,17,28,1.0,1
744,17,29,2.0,1
745,17,30,1.0,1
746,17,31,2.0,1
747,17,32,2.0,1
748,17,33,2.0,1
749,17,34,2.0,1
750,17,35,2.0,1
751,17,36,2.0,1
752,17,37,1.0,1
753,17,38,2.0,1
754,17,39,1.0,1
755,17,40,2.0,1
756,17,41,2.0,1
757,17,42,2.0,1
758,17,43,2.0,1
759,17,44,2.0,1
760,17,45,2.0,1
761,17,46,2.0,1
762,17,47,2.0,1
763,17,48,1.0,1
764,17,49,2.0,1
765,18,5,2.0,1
766,18,6,2.0,1
767,18,7,2.0,1
768,18,8,2.0,1
769,18,9,2.0,1
770,18,10,2.0,1
771,18,11,2.0,1
772,18,12,2.0,1
773,18,13,2.0,1
774,18,14,2.0,1
775,18,15,2.0,1
776,18,16,2.0,1
777,18,17,2.0,1
778,18,18,1.0,1
779,18,19,2.0,1
780,18,20,2.0,1
781,18,21,2.0,1
782,18,22,2.0,1
783,18,23,2.0,1
784,18,24,2.0,1
785,18,25,2.0,1
786,18,26,2.0,1
787,18,27,2.0,1
788,18,28,2.0,1
789,18,29,2.0,1
790,18,30,1.0,1
791,18,31,2.0,1
792,18,32,2.0,1
793,18,33,2.0,1
794,18,34,2.0,1
795,18,35,2.0,1
796,18,36,2.0,1
797,18,37,2.0,1
798,18,38,2.0,1
799,18,39,1.0,1
800,18,40,2.0,1
801,18,41,1.0,1
802,18,42,1.0,1
803,18,43,2.0,1
804,18,44,2.0,1
805,18,45,2.0,1
806,18,46,2.0,1
807,18,47,2.0,1
808,18,48,2.0,1
809,18,49,2.0,1
810,19,5,2.0,1
811,19,6,2.0,1
812,19,7,2.0,1
813,19,8,2.0,1
814,19,9,2.0,1
815,19,10,2.0,1
816,19,11,2.0,1
817,19,12,2.0,1
818,19,13,2.0,1
819,19,14,2.0,1
820,19,15,2.0,1
821,19,16,2.0,1
822,19,17,2.0,1
823,19,18,2.0,1
824,19,19,2.0,1
825,19,20,2.0,1
826,19,21,2.0,1
827,19,22,2.0,1
828,19,23,2.0,1
829,19,24,2.0,1
830,19,25,2.0,1
831,19,26,2.0,1
832,19,27,2.0,1
833,19,28,2.0,1
834,19,29,2.0,1
835,19,30,2.0,1
836,19,31,2.0,1
837,19,32,2.0,1
838,19,33,2.0,1
839,19,34,2.0,1
840,19,35,2.0,1
841,19,36,1.0,1
842,19,37,2.0,1
843,19,38,2.0,1
844,19,39,2.0,1
845,19,40,1.0,1
846,19,41,2.0,1
847,19,42,2.0,1
848,19,43,2.0,1
849,19,44,2.0,1
850,19,45,2.0,1
851,19,46,2.0,1
852,19,47,2.0,1
853,19,48,2.0,1
854,19,49,2.0,1
855,20,5,2.0,1
856,20,6,2.0,1
857,20,7,2.0,1
858,20,8,2.0,1
859,20,9,2.0,1
860,20,10,2.0,1
861,20,11,2.0,1
862,20,12,2.0,1
863,20,13,2.0,1
864,20,14,2.0,1
865,20,15,2.0,1
866,20,16,2.0,1
867,20,17,2.0,1
868,20,18,2.0,1
869,20,19,2.0,1
870,20,20,2.0,1
871,20,21,2.0,1
872,20,22,2.0,1
873,20,23,2.0,1
874,20,24,2.0,1
875,20,25,2.0,1
876,20,26,2.0,1
877,20,27,2.0,1
878,20,28,2.0,1
879,20,29,2.0,1
880,20,30,2.0,1
881,20,31,2.0,1
882,20,32,2.0,1
883,20,33,2.0,1
884,20,34,2.0,1
885,20,35,2.0,1
886,20,36,2.0,1
887,20,37,2.0,1
888,20,38,2.0,1
889,20,39,2.0,1
890,20,40,2.0,1
891,20,41,2.0,1
892,20,42,2.0,1
893,20,43,2.0,1
894,20,44,2.0,1
895,20,45,2.0,1
896,20,46,2.0,1
897,20,47,2.0,1
898,20,48,2.0,1
899,20,49,2.0,1
900,21,5,2.0,1
901,21,6,2.0,1
902,21,7,2.0,1
903,21,8,2.0,1
904,21,9,2.0,1
905,21,10,2.0,1
906,21,11,2.0,1
907,21,12,2.0,1
908,21,13,2.0,1
909,21,14,2.0,1
910,21,15,2.0,1
911,21,16,2.0,1
912,21,17,2.0,1
913,21,18,2.0,1
914,21,19,2.0,1
915,21,20,2.0,1
916,21,21,2.0,1
917,21,22,2.0,1
918,21,23,2.0,1
919,21,24,2.0,1
920,21,25,2.0,1
921,21,26,2.0,1
922,21,27,2.0,1
923,21,28,2.0,1
924,21,29,2.0,1
925,21,30,2.0,1
926,21,31,2.0,1
927,21,32,2.0,1
928,21,33,2.0,1
929,21,34,2.0,1
930,21,35,2.0,1
931,21,36,2.0,1
932,21,37,2.0,1
933,21,38,2.0,1
934,21,39,2.0,1
935,21,40,2.0,1
936,21,41,2.0,1
937,21,42,2.0,1
938,21,43,2.0,1
939,21,44,2.0,1
940,21,45,2.0,1
941,21,46,2.0,1
942,21,47,2.0,1
943,21,48,2.0,1
944,21,49,1.0,1
945,22,5,2.0,1
946,22,6,2.0,1
947,22,7,2.0,1
948,22,8,2.0,1
949,22,9,2.0,1
950,22,10,2.0,1
951,22,11,2.0,1
952,22,12,2.0,1
953,22,13,2.0,1
954,22,14,2.0,1
955,22,15,2.0,1
956,22,16,2.0,1
957,22,17,2.0,1
958,22,18,2.0,1
959,22,19,2.0,1
960,22,20,2.0,1
961,22,21,2.0,1
962,22,22,2.0,1
963,22,23,2.0,1
964,22,24,2.0,1
965,22,25,2.0,1
966,22,26,2.0,1
967,22,27,2.0,1
968,22,28,2.0,1
969,22,29,2.0,1
970,22,30,2.0,1
971,22,31,2.0,1
972,22,32,2.0,1
973,22,33,2.0,1
974,22,34,2.0,1
975,22,35,2.0,1
976,22,36,2.0,1
977,22,37,2.0,1
978,22,38,2.0,1
979,22,39,2.0,1
980,22,40,2.0,1
981,22,41,2.0,1
982,22,42,2.0,1
983,22,43,2.0,1
984,22,44,2.0,1
985,22,45,2.0,1
986,22,46,2.0,1
987,22,47,2.0,1
988,22,48,2.0,1
989,22,49,2.0,1
990,23,5,2.0,1
991,23,6,2.0,1
992,23,7,2.0,1
993,23,8,2.0,1
994,23,9,2.0,1
995,23,10,2.0,1
996,23,11,2.0,1
997,23,12,2.0,1
998,23,13,2.0,1
999,23,14,2.0,1
1000,23,15,2.0,1
1001,23,16,2.0,1
1002,23,17,2.0,1
1003,23,18,2.0,1
1004,23,19,2.0,1
1005,23,20,2.0,1
1006,23,21,2.0,1
1007,23,22,2.0,1
1008,23,23,2.0,1
1009,23,24,2.0,1
1010,23,25,2.0,1
1011,23,26,2.0,1
1012,23,27,2.0,1
1013,23,28,2.0,1
1014,23,29,2.0,1
1015,23,30,2.0,1
1016,23,31,2.0,1
1017,23,32,2.0,1
1018,23,33,2.0,1
1019,23,34,2.0,1
1020,23,35,2.0,1
1021,23,36,2.0,1
1022,23,37,2.0,1
1023,23,38,2.0,1
1024,23,39,2.0,1
1025,23,40,2.0,1
1026,23,41,2.0,1
1027,23,42,2.0,1
1028,23,43,2.0,1
1029,23,44,2.0,1
1030,23,45,2.0,1
1031,23,46,2.0,1
1032,23,47,2.0,1
1033,23,48,2.0,1
1034,23,49,2.0,1
1035,24,5,2.0,1
1036,24,6,2.0,1
1037,24,7,2.0,1
1038,24,8,2.0,1
1039,24,9,2.0,1
1040,24,10,2.0,1
1041,24,11,2.0,1
1042,24,12,2.0,1
1043,24,13,2.0,1
1044,24,14,2.0,1
1045,24,15,2.0,1
1046,24,16,2.0,1
1047,24,17,2.0,1
1048,24,18,2.0,1
1049,24,19,2.0,1
1050,24,20,2.0,1
1051,24,21,2.0,1
1052,24,22,2.0,1
1053,24,23,2.0,1
1054,24,24,2.0,1
1055,24,25,2.0,1
1056,24,26,2.0,1
1057,24,27,2.0,1
1058,24,28,2.0,1
1059,24,29,2.0,1
1060,24,30,2.0,1
1061,24,31,2.0,1
1062,24,32,2.0,1
1063,24,33,2.0,1
1064,24,34,2.0,1
1065,24,35,2.0,1
1066,24,36,2.0,1
1067,24,37,2.0,1
1068,24,38,2.0,1
1069,24,39,2.0,1
1070,24,40,2.0,1
1071,24,41,2.0,1
1072,24,42,2.0,1
1073,24,43,2.0,1
1074,24,44,2.0,1
1075,24,45,2.0,1
1076,24,46,2.0,1
1077,24,47,2.0,1
1078,24,48,2.0,1
1079,24,49,2.0,1
1080,25,5,2.0,1
1081,25,6,2.0,1
1082,25,7,2.0,1
1083,25,8,2.0,1
1084,25,9,2.0,1
1085,25,10,2.0,1
1086,25,11,2.0,1
1087,25,12,2.0,1
1088,25,13,2.0,1
1089,25,14,2.0,1
1090,25,15,3.0,1
1091,25,16,2.0,1
1092,25,17,2.0,1
1093,25,18,3.0,1
1094,25,19,2.0,1
1095,25,20,3.0,1
1096,25,21,2.0,1
1097,25,22,2.0,1
1098,25,23,2.0,1
1099,25,24,3.0,1
1100,25,25,2.0,1
1101,25,26,2.0,1
1102,25,27,2.0,1
1103,25,28,2.0,1
1104,25,29,2.0,1
1105,25,30,2.0,1
1106,25,31,2.0,1
1107,25,32,2.0,1
1108,25,33,2.0,1
1109,25,34,2.0,1
1110,25,35,2.0,1
1111,25,36,2.0,1
1112,25,37,2.0,1
1113,25,38,2.0,1
1114,25,39,2.0,1
1115,25,40,2.0,1
1116,25,41,2.0,1
1117,25,42,2.0,1
1118,25,43,2.0,1
1119,25,44,2.0,1
1120,25,45,2.0,1
1121,25,46,2.0,1
1122,25,47,2.0,1
1123,25,48,2.0,1
1124,25,49,2.0,1
1125,26,5,2.0,1
1126,26,6,2.0,1
1127,26,7,2.0,1
1128,26,8,2.0,1
1129,26,9,2.0,1
1130,26,10,2.0,1
1131,26,11,2.0,1
1132,26,12,2.0,1
1133,26,13,2.0,1
1134,26,14,2.0,1
1135,26,15,2.0,1
1136,26,16,2.0,1
1137,26,17,2.0,1
1138,26,18,2.0,1
1139,26,19,2.0,1
1140,26,20,2.0,1
1141,26,21,2.0,1
1142,26,22,2.0,1
1143,26,23,2.0,1
1144,26,24,2.0,1
1145,26,25,2.0,1
1146,26,26,2.0,1
1147,26,27,2.0,1
1148,26,28,2.0,1
1149,26,29,3.0,1
1150,26,30,2.0,1
1151,26,31,2.0,1
1152,26,32,2.0,1
1153,26,33,2.0,1
1154,26,34,3.0,1
1155,26,35,2.0,1
1156,26,36,2.0,1
1157,26,37,2.0,1
1158,26,38,2.0,1
1159,26,39,2.0,1
1160,26,40,2.0,1
1161,26,41,2.0,1
1162,26,42,2.0,1
1163,26,43,2.0,1
1164,26,44,2.0,1
1165,26,45,2.0,1
1166,26,46,2.0,1
1167,26,47,2.0,1
1168,26,48,2.0,1
1169,26,49,2.0,1
1170,27,5,2.0,1
1171,27,6,2.0,1
1172,27,7,2.0,1
1173,27,8,3.0,1
1174,27,9,2.0,1
1175,27,10,2.0,1
1176,27,11,2.0,1
1177,27,12,2.0,1
1178,27,13,2.0,1
1179,27,14,2.0,1
1180,27,15,2.0,1
1181,27,16,2.0,1
1182,27,17,2.0,1
1183,27,18,2.0,1
1184,27,19,2.0,1
1185,27,20,2.0,1
1186,27,21,2.0,1
1187,27,22,2.0,1
1188,27,23,2.0,1
1189,27,24,2.0,1
1190,27,25,2.0,1
1191,27,26,2.0,1
1192,27,27,2.0,1
1193,27,28,2.0,1
1194,27,29,2.0,1
1195,27,30,2.0,1
1196,27,31,3.0,1
1197,27,32,3.0,1
1198,27,33,2.0,1
1199,27,34,2.0,1
1200,27,35,2.0,1
1201,27,36,3.0,1
1202,27,37,2.0,1
1203,27,38,2.0,1
1204,27,39,2.0,1
1205,27,40,2.0,1
1206,27,41,2.0,1
1207,27,42,2.0,1
1208,27,43,2.0,1
1209,27,44,2.0,1
1210,27,45,2.0,1
1211,27,46,2.0,1
1212,27,47,2.0,1
1213,27,48,3.0,1
1214,27,49,2.0,1
1215,28,5,2.0,1
1216,28,6,3.0,1
1217,28,7,2.0,1
1218,28,8,2.0,1
1219,28,9,2.0,1
1220,28,10,2.0,1
1221,28,11,2.0,1
1222,28,12,3.0,1
1223,28,13,2.0,1
1224,28,14,2.0,1
1225,28,15,2.0,1
1226,28,16,2.0,1
1227,28,17,2.0,1
1228,28,18,2.0,1
1229,28,19,2.0,1
1230,28,20,2.0,1
1231,28,21,2.0,1
1232,28,22,3.0,1
1233,28,23,3.0,1
1234,28,24,2.0,1
1235,28,25,2.0,1
1236,28,26,2.0,1
1237,28,27,2.0,1
1238,28,28,2.0,1
1239,28,29,2.0,1
1240,28,30,2.0,1
1241,28,31,2.0,1
1242,28,32,3.0,1
1243,28,33,2.0,1
1244,28,34,2.0,1
1245,28,35,2.0,1
1246,28,36,2.0,1
1247,28,37,2.0,1
1248,28,38,2.0,1
1249,28,39,2.0,1
1250,28,40,2.0,1
1251,28,41,3.0,1
1252,28,42,2.0,1
1253,28,43,2.0,1
1254,28,44,3.0,1
1255,28,45,2.0,1
1256,28,46,3.0,1
1257,28,47,2.0,1
1258,28,48,2.0,1
1259,28,49,2.0,1
1260,29,5,3.0,1
1261,29,6,2.0,1
1262,29,7,2.0,1
1263,29,8,3.0,1
1264,29,9,2.0,1
1265,29,10,3.0,1
1266,29,11,2.0,1
1267,29,12,3.0,1
1268,29,13,3.0,1
1269,29,14,3.0,1
1270,29,15,2.0,1
1271,29,16,2.0,1
1272,29,17,3.0,1
1273,29,18,2.0,1
1274,29,19,3.0,1
1275,29,20,2.0,1
1276,29,21,2.0,1
1277,29,22,2.0,1
1278,29,23,3.0,1
1279,29,24,3.0,1
1280,29,25,3.0,1
1281,29,26,2.0,1
1282,29,27,2.0,1
1283,29,28,3.0,1
1284,29,29,2.0,1
1285,29,30,2.0,1
1286,29,31,3.0,1
1287,29,32,2.0,1
1288,29,33,2.0,1
1289,29,34,3.0,1
1290,29,35,2.0,1
1291,29,36,2.0,1
1292,29,37,2.0,1
1293,29,38,2.0,1
1294,29,39,2.0,1
1295,29,40,3.0,1
1296,29,41,2.0,1
1297,29,42,2.0,1
1298,29,43,3.0,1
1299,29,44,2.0,1
1300,29,45,3.0,1
1301,29,46,2.0,1
1302,29,47,3.0,1
1303,29,48,3.0,1
1304,29,49,2.0,1
1305,30,5,3.0,1
1306,30,6,3.0,1
1307,30,7,2.0,1
1308,30,8,3.0,1
1309,30,9,3.0,1
1310,30,10,2.0,1
1311,30,11,3.0,1
1312,30,12,2.0,1
1313,30,13,3.0,1
1314,30,14,3.0,1
1315,30,15,2.0,1
1316,30,16,2.0,1
1317,30,17,2.0,1
1318,30,18,3.0,1
1319,30,19,2.0,1
1320,30,20,3.0,1
1321,30,21,3.0,1
1322,30,22,2.0,1
1323,30,23,2.0,1
1324,30,24,3.0,1
1325,30,25,3.0,1
1326,30,26,2.0,1
1327,30,27,2.0,1
1328,30,28,2.0,1
1329,30,29,3.0,1
1330,30,30,3.0,1
1331,30,31,3.0,1
1332,30,32,3.0,1
1333,30,33,2.0,1
1334,30,34,2.0,1
1335,30,35,3.0,1
1336,30,36,2.0,1
1337,30,37,3.0,1
1338,30,38,3.0,1
1339,30,39,2.0,1
1340,30,40,2.0,1
1341,30,41,2.0,1
1342,30,42,2.0,1
1343,30,43,3.0,1
1344,30,44,3.0,1
1345,30,45,2.0,1
1346,30,46,2.0,1
1347,30,47,2.0,1
1348,30,48,2.0,1
1349,30,49,2.0,1
1350,31,5,2.0,1
1351,31,6,3.0,1
1352,31,7,2.0,1
1353,31,8,2.0,1
1354,31,9,3.0,1
1355,31,10,3.0,1
1356,31,11,2.0,1
1357,31,12,3.0,1
1358,31,13,2.0,1
1359,31,14,2.0,1
1360,31,15,2.0,1
1361,31,16,3.0,1
1362,31,17,3.0,1
1363,31,18,3.0,1
1364,31,19,2.0,1
1365,31,20,3.0,1
1366,31,21,3.0,1
1367,31,22,2.0,1
1368,31,23,3.0,1
1369,31,24,2.0,1
1370,31,25,3.0,1
1371,31,26,3.0,1
1372,31,27,2.0,1
1373,31,28,3.0,1
1374,31,29,3.0,1
1375,31,30,3.0,1
1376,31,31,3.0,1
1377,31,32,2.0,1
1378,31,33,2.0,1
1379,31,34,3.0,1
1380,31,35,3.0,1
1381,31,36,2.0,1
1382,31,37,2.0,1
1383,31,38,2.0,1
1384,31,39,3.0,1
1385,31,40,2.0,1
1386,31,41,2.0,1
1387,31,42,3.0,1
1388,31,43,2.0,1
1389,31,44,3.0,1
1390,31,45,3.0,1
1391,31,46,3.0,1
1392,31,47,3.0,1
1393,31,48,3.0,1
1394,31,49,3.0,1
1395,32,5,3.0,1
1396,32,6,3.0,1
1397,32,7,3.0,1
1398,32,8,2.0,1
1399,32,9,3.0,1
1400,32,10,3.0,1
1401,32,11,2.0,1
1402,32,12,2.0,1
1403,32,13,3.0,1
1404,32,14,3.0,1
1405,32,15,3.0,1
1406,32,16,2.0,1
1407,32,17,3.0,1
1408,32,18,2.0,1
1409,32,19,3.0,1
1410,32,20,3.0,1
1411,32,21,3.0,1
1412,32,22,4.0,1
1413,32,23,2.0,1
1414,32,24,3.0,1
1415,32,25,3.0,1
1416,32,26,2.0,1
1417,32,27,3.0,1
1418,32,28,2.0,1
1419,32,29,3.0,1
1420,32,30,3.0,1
1421,32,31,3.0,1
1422,32,32,3.0,1
1423,32,33,3.0,1
1424,32,34,3.0,1
1425,32,35,3.0,1
1426,32,36,3.0,1
1427,32,37,3.0,1
1428,32,38,3.0,1
1429,32,39,2.0,1
1430,32,40,2.0,1
1431,32,41,2.0,1
1432,32,42,3.0,1
1433,32,43,3.0,1
1434,32,44,2.0,1
1435,32,45,3.0,1
1436,32,46,2.0,1
1437,32,47,3.0,1
1438,32,48,3.0,1
1439,32,49,3.0,1
1440,33,5,2.0,1
1441,33,6,2.0,1
1442,33,7,3.0,1
1443,33,8,3.0,1
1444,33,9,3.0,1
1445,33,10,3.0,1
1446,33,11,3.0,1
1447,33,12,3.0,1
1448,33,13,3.0,1
1449,33,14,3.0,1
1450,33,15,3.0,1
1451,33,16,3.0,1
1452,33,17,3.0,1
1453,33,18,3.0,1
1454,33,19,3.0,1
1455,33,20,2.0,1
1456,33,21,3.0,1
1457,33,22,3.0,1
1458,33,23,3.0,1
1459,33,24,2.0,1
1460,33,25,3.0,1
1461,33,26,3.0,1
1462,33,27,3.0,1
1463,33,28,3.0,1
1464,33,29,3.0,1
1465,33,30,3.0,1
1466,33,31,3.0,1
1467,33,32,3.0,1
1468,33,33,2.0,1
1469,33,34,3.0,1
1470,33,35,3.0,1
1471,33,36,3.0,1
1472,33,37,2.0,1
1473,33,38,4.0,1
1474,33,39,3.0,1
1475,33,40,4.0,1
1476,33,41,3.0,1
1477,33,42,2.0,1
1478,33,43,3.0,1
1479,33,44,3.0,1
1480,33,45,3.0,1
1481,33,46,3.0,1
1482,33,47,3.0,1
1483,33,48,3.0,1
1484,33,49,2.0,1
1485,34,5,3.0,1
1486,34,6,3.0,1
1487,34,7,3.0,1
1488,34,8,3.0,1
1489,34,9,3.0,1
1490,34,10,3.0,1
1491,34,11,3.0,1
1492,34,12,3.0,1
1493,34,13,2.0,1
1494,34,14,3.0,1
1495,34,15,3.0,1
1496,34,16,3.0,1
1497,34,17,3.0,1
1498,34,18,3.0,1
1499,34,19,3.0,1
1500,34,20,3.0,1
1501,34,21,3.0,1
1502,34,22,3.0,1
1503,34,23,3.0,1
1504,34,24,3.0,1
1505,34,25,3.0,1
1506,34,26,3.0,1
1507,34,27,3.0,1
1508,34,28,3.0,1
1509,34,29,3.0,1
1510,34,30,3.0,1
1511,34,31,3.0,1
1512,34,32,3.0,1
1513,34,33,4.0,1
1514,34,34,3.0,1
1515,34,35,3.0,1
1516,34,36,3.0,1
1517,34,37,3.0,1
1518,34,38,2.0,1
1519,34,39,3.0,1
1520,34,40,3.0,1
1521,34,41,3.0,1
1522,34,42,3.0,1
1523,34,43,3.0,1
1524,34,44,3.0,1
1525,34,45,3.0,1
1526,34,46,3.0,1
1527,34,47,3.0,1
1528,34,48,3.0,1
1529,34,49,3.0,1
1530,35,5,3.0,1
1531,35,6,3.0,1
1532,35,7,4.0,1
1533,35,8,3.0,1
1534,35,9,3.0,1
1535,35,10,3.0,1
1536,35,11,3.0,1
1537,35,12,4.0,1
1538,35,13,3.0,1
1539,35,14,5.0,1
1540,35,15,2.0,1
1541,35,16,3.0,1
1542,35,17,3.0,1
1543,35,18,3.0,1
1544,35,19,3.0,1
1545,35,20,3.0,1
1546,35,21,3.0,1
1547,35,22,3.0,1
1548,35,23,3.0,1
1549,35,24,3.0,1
1550,35,25,3.0,1
1551,35,26,3.0,1
1552,35,27,3.0,1
1553,35,28,3.0,1
1554,35,29,3.0,1
1555,35,30,3.0,1
1556,35,31,3.0,1
1557,35,32,5.0,1
1558,35,33,3.0,1
1559,35,34,3.0,1
1560,35,35,3.0,1
1561,35,36,3.0,1
1562,35,37,3.0,1
1563,35,38,3.0,1
1564,35,39,3.0,1
1565,35,40,3.0,1
1566,35,41,3.0,1
1567,35,42,3.0,1
1568,35,43,3.0,1
1569,35,44,3.0,1
1570,35,45,4.0,1
1571,35,46,3.0,1
1572,35,47,3.0,1
1573,35,48,3.0,1
1574,35,49,3.0,1
1575,36,5,3.0,1
1576,36,6,3.0,1
1577,36,7,3.0,1
1578,36,8,3.0,1
1579,36,9,3.0,1
1580,36,10,3.0,1
1581,36,11,3.0,1
1582,36,12,4.0,1
1583,36,13,3.0,1
1584,36,14,3.0,1
1585,36,15,3.0,1
1586,36,16,3.0,1
1587,36,17,3.0,1
1588,36,18,3.0,1
1589,36,19,3.0,1
1590,36,20,3.0,1
1591,36,21,4.0,1
1592,36,22,3.0,1
1593,36,23,3.0,1
1594,36,24,3.0,1
1595,36,25,3.0,1
1596,36,26,4.0,1
1597,36,27,3.0,1
1598,36,28,3.0,1
1599,36,29,3.0,1
1600,36,30,3.0,1
1601,36,31,3.0,1
1602,36,32,3.0,1
1603,36,33,3.0,1
1604,36,34,3.0,1
1605,36,35,4.0,1
1606,36,36,4.0,1
1607,36,37,3.0,1
1608,36,38,3.0,1
1609,36,39,3.0,1
1610,36,40,3.0,1
1611,36,41,3.0,1
1612,36,42,3.0,1
1613,36,43,3.0,1
1614,36,44,3.0,1
1615,36,45,3.0,1
1616,36,46,3.0,1
1617,36,47,3.0,1
1618,36,48,4.0,1
1619,36,49,3.0,1
1620,37,5,3.0,1
1621,37,6,3.0,1
1622,37,7,3.0,1
1623,37,8,3.0,1
1624,37,9,3.0,1
1625,37,10,3.0,1
1626,37,11,4.0,1
1627,37,12,3.0,1
1628,37,13,3.0,1
1629,37,14,3.0,1
1630,37,15,3.0,1
1631,37,16,4.0,1
1632,37,17,3.0,1
1633,37,18,3.0,1
1634,37,19,4.0,1
1635,37,20,3.0,1
1636,37,21,3.0,1
1637,37,22,3.0,1
1638,37,23,3.0,1
1639,37,24,3.0,1
1640,37,25,3.0,1
1641,37,26,3.0,1
1642,37,27,3.0,1
1643,37,28,4.0,1
1644,37,29,3.0,1
1645,37,30,4.0,1
1646,37,31,3.0,1
1647,37,32,3.0,1
1648,37,33,3.0,1
1649,37,34,3.0,1
1650,37,35,3.0,1
1651,37,36,4.0,1
1652,37,37,3.0,1
1653,37,38,3.0,1
1654,37,39,4.0,1
1655,37,40,3.0,1
1656,37,41,3.0,1
1657,37,42,4.0,1
1658,37,43,3.0,1
1659,37,44,3.0,1
1660,37,45,3.0,1
1661,37,46,3.0,1
1662,37,47,3.0,1
1663,37,48,3.0,1
1664,37,49,3.0,1
1665,38,5,4.0,1
1666,38,6,4.0,1
1667,38,7,4.0,1
1668,38,8,3.0,1
1669,38,9,4.0,1
1670,38,10,3.0,1
1671,38,11,4.0,1
1672,38,12,3.0,1
1673,38,13,3.0,1
1674,38,14,4.0,1
1675,38,15,3.0,1
1676,38,16,4.0,1
1677,38,17,4.0,1
1678,38,18,3.0,1
1679,38,19,3.0,1
1680,38,20,4.0,1
1681,38,21,3.0,1
1682,38,22,3.0,1
1683,38,23,3.0,1
1684,38,24,3.0,1
1685,38,25,3.0,1
1686,38,26,4.0,1
1687,38,27,3.0,1
1688,38,28,3.0,1
1689,38,29,3.0,1
1690,38,30,4.0,1
1691,38,31,3.0,1
1692,38,32,3.0,1
1693,38,33,4.0,1
1694,38,34,3.0,1
1695,38,35,3.0,1
1696,38,36,3.0,1
1697,38,37,3.0,1
1698,38,38,4.0,1
1699,38,39,4.0,1
1700,38,40,3.0,1
1701,38,41,4.0,1
1702,38,42,4.0,1
1703,38,43,3.0,1
1704,38,44,3.0,1
1705,38,45,4.0,1
1706,38,46,3.0,1
1707,38,47,3.0,1
1708,38,48,3.0,1
1709,38,49,4.0,1
1710,39,5,4.0,1
1711,39,6,3.0,1
1712,39,7,3.0,1
1713,39,8,4.0,1
1714,39,9,5.0,1
1715,39,10,4.0,1
1716,39,11,4.0,1
1717,39,12,3.0,1
1718,39,13,4.0,1
1719,39,14,3.0,1
1720,39,15,3.0,1
1721,39,16,3.0,1
1722,39,17,4.0,1
1723,39,18,4.0,1
1724,39,19,3.0,1
1725,39,20,3.0,1
1726,39,21,3.0,1
1727,39,22,5.0,1
1728,39,23,3.0,1
1729,39,24,4.0,1
1730,39,25,3.0,1
1731,39,26,5.0,1
1732,39,27,4.0,1
1733,39,28,3.0,1
1734,39,29,3.0,1
1735,39,30,4.0,1
1736,39,31,3.0,1
1737,39,32,4.0,1
1738,39,33,4.0,1
1739,39,34,4.0,1
1740,39,35,3.0,1
1741,39,36,3.0,1
1742,39,37,3.0,1
1743,39,38,4.0,1
1744,39,39,4.0,1
1745,39,40,5.0,1
1746,39,41,3.0,1
1747,39,42,3.0,1
1748,39,43,5.0,1
1749,39,44,3.0,1
1750,39,45,4.0,1
1751,39,46,4.0,1
1752,39,47,4.0,1
1753,39,48,4.0,1
1754,39,49,4.0,1
1755,40,5,4.0,1
1756,40,6,3.0,1
1757,40,7,4.0,1
1758,40,8,4.0,1
1759,40,9,4.0,1
1760,40,10,4.0,1
1761,40,11,4.0,1
1762,40,12,4.0,1
1763,40,13,3.0,1
1764,40,14,3.0,1
1765,40,15,4.0,1
1766,40,16,4.0,1
1767,40,17,3.0,1
1768,40,18,4.0,1
1769,40,19,4.0,1
1770,40,20,4.0,1
1771,40,21,5.0,1
1772,40,22,4.0,1
1773,40,23,4.0,1
1774,40,24,5.0,1
1775,40,25,3.0,1
1776,40,26,4.0,1
1777,40,27,4.0,1
1778,40,28,4.0,1
1779,40,29,5.0,1
1780,40,30,4.0,1
1781,40,31,4.0,1
1782,40,32,4.0,1
1783,40,33,4.0,1
1784,40,34,4.0,1
1785,40,35,4.0,1
1786,40,36,5.0,1
1787,40,37,3.0,1
1788,40,38,4.0,1
1789,40,39,4.0,1
1790,40,40,3.0,1
1791,40,41,3.0,1
1792,40,42,5.0,1
1793,40,43,3.0,1
1794,40,44,3.0,1
1795,40,45,3.0,1
1796,40,46,5.0,1
1797,40,47,3.0,1
1798,40,48,4.0,1
1799,40,49,4.0,1
1800,41,5,4.0,1
1801,41,6,4.0,1
1802,41,7,3.0,1
1803,41,8,4.0,1
1804,41,9,3.0,1
1805,41,10,4.0,1
1806,41,11,3.0,1
1807,41,12,4.0,1
1808,41,13,4.0,1
1809,41,14,4.0,1
1810,41,15,4.0,1
1811,41,16,4.0,1
1812,41,17,4.0,1
1813,41,18,3.0,1
1814,41,19,3.0,1
1815,41,20,4.0,1
1816,41,21,4.0,1
1817,41,22,4.0,1
1818,41,23,4.0,1
1819,41,24,5.0,1
1820,41,25,4.0,1
1821,41,26,4.0,1
1822,41,27,3.0,1
1823,41,28,4.0,1
1824,41,29,4.0,1
1825,41,30,4.0,1
1826,41,31,3.0,1
1827,41,32,4.0,1
1828,41,33,4.0,1
1829,41,34,4.0,1
1830,41,35,3.0,1
1831,41,36,4.0,1
1832,41,37,4.0,1
1833,41,38,4.0,1
1834,41,39,5.0,1
1835,41,40,4.0,1
1836,41,41,5.0,1
1837,41,42,4.0,1
1838,41,43,4.0,1
1839,41,44,4.0,1
1840,41,45,3.0,1
1841,41,46,4.0,1
1842,41,47,5.0,1
1843,41,48,4.0,1
1844,41,49,5.0,1
1845,42,5,4.0,1
1846,42,6,5.0,1
1847,42,7,5.0,1
1848,42,8,4.0,1
1849,42,9,4.0,1
1850,42,10,4.0,1
1851,42,11,5.0,1
1852,42,12,4.0,1
1853,42,13,5.0,1
1854,42,14,6.0,1
1855,42,15,4.0,1
1856,42,16,5.0,1
1857,42,17,4.0,1
1858,42,18,4.0,1
1859,42,19,5.0,1
1860,42,20,5.0,1
1861,42,21,5.0,1
1862,42,22,4.0,1
1863,42,23,4.0,1
1864,42,24,4.0,1
1865,42,25,5.0,1
1866,42,26,6.0,1
1867,42,27,4.0,1
1868,42,28,5.0,1
1869,42,29,4.0,1
1870,42,30,4.0,1
1871,42,31,4.0,1
1872,42,32,4.0,1
1873,42,33,4.0,1
1874,42,34,4.0,1
1875,42,35,4.0,1
1876,42,36,4.0,1
1877,42,37,4.0,1
1878,42,38,4.0,1
1879,42,39,4.0,1
1880,42,40,5.0,1
1881,42,41,5.0,1
1882,42,42,4.0,1
1883,42,43,5.0,1
1884,42,44,4.0,1
1885,42,45,4.0,1
1886,42,46,5.0,1
1887,42,47,4.0,1
1888,42,48,5.0,1
1889,42,49,5.0,1
1890,43,5,5.0,1
1891,43,6,4.0,1
1892,43,7,4.0,1
1893,43,8,4.0,1
1894,43,9,5.0,1
1895,43,10,5.0,1
1896,43,11,5.0,1
1897,43,12,4.0,1
1898,43,13,5.0,1
1899,43,14,4.0,1
1900,43,15,4.0,1
1901,43,16,6.0,1
1902,43,17,4.0,1
1903,43,18,5.0,1
1904,43,19,6.0,1
1905,43,20,5.0,1
1906,43,21,5.0,1
1907,43,22,6.0,1
1908,43,23,5.0,1
1909,43,24,6.0,1
1910,43,25,4.0,1
1911,43,26,5.0,1
1912,43,27,5.0,1
1913,43,28,4.0,1
1914,43,29,7.0,1
1915,43,30,5.0,1
1916,43,31,4.0,1
1917,43,32,5.0,1
1918,43,33,4.0,1
1919,43,34,5.0,1
1920,43,35,4.0,1
1921,43,36,9.0,1
1922,43,37,4.0,1
1923,43,38,5.0,1
1924,43,39,5.0,1
1925,43,40,5.0,1
1926,43,41,5.0,1
1927,43,42,6.0,1
1928,43,43,5.0,1
1929,43,44,4.0,1
1930,43,45,5.0,1
1931,43,46,5.0,1
1932,43,47,4.0,1
1933,43,48,5.0,1
1934,43,49,4.0,1
1935,44,5,6.0,1
1936,44,6,5.0,1
1937,44,7,5.0,1
1938,44,8,4.0,1
1939,44,9,6.0,1
1940,44,10,5.0,1
1941,44,11,4.0,1
1942,44,12,5.0,1
1943,44,13,5.0,1
1944,44,14,6.0,1
1945,44,15,6.0,1
1946,44,16,5.0,1
1947,44,17,5.0,1
1948,44,18,6.0,1
1949,44,19,4.0,1
1950,44,20,4.0,1
1951,44,21,6.0,1
1952,44,22,5.0,1
1953,44,23,5.0,1
1954,44,24,6.0,1
1955,44,25,5.0,1
1956,44,26,5.0,1
1957,44,27,5.0,1
1958,44,28,4.0,1
1959,44,29,4.0,1
1960,44,30,6.0,1
1961,44,31,8.0,1
1962,44,32,4.0,1
1963,44,33,5.0,1
1964,44,34,5.0,1
1965,44,35,7.0,1
1966,44,36,6.0,1
1967,44,37,5.0,1
1968,44,38,6.0,1
1969,44,39,5.0,1
1970,44,40,5.0,1
1971,44,41,5.0,1
1972,44,42,5.0,1
1973,44,43,5.0,1
1974,44,44,6.0,1
1975,44,45,6.0,1
1976,44,46,5.0,1
1977,44,47,6.0,1
1978,44,48,7.0,1
1979,44,49,5.0,1
1980,45,5,4.0,1
1981,45,6,5.0,1
1982,45,7,5.0,1
1983,45,8,5.0,1
1984,45,9,5.0,1
1985,45,10,4.0,1
1986,45,11,6.0,1
1987,45,12,6.0,1
1988,45,13,5.0,1
1989,45,14,5.0,1
1990,45,15,5.0,1
1991,45,16,6.0,1
1992,45,17,6.0,1
1993,45,18,5.0,1
1994,45,19,7.0,1
1995,45,20,5.0,1
1996,45,21,6.0,1
1997,45,22,6.0,1
1998,45,23,6.0,1
1999,45,24,5.0,1
2000,45,25,5.0,1
2001,45,26,7.0,1
2002,45,27,5.0,1
2003,45,28,7.0,1
2004,45,29,6.0,1
2005,45,30,5.0,1
2006,45,31,4.0,1
2007,45,32,6.0,1
2008,45,33,5.0,1
2009,45,34,7.0,1
2010,45,35,5.0,1
2011,45,36,7.0,1
2012,45,37,7.0,1
2013,45,38,5.0,1
2014,45,39,6.0,1
2015,45,40,8.0,1
2016,45,41,7.0,1
2017,45,42,6.0,1
2018,45,43,6.0,1
2019,45,44,5.0,1
2020,45,45,7.0,1
2021,45,46,8.0,1
2022,45,47,5.0,1
2023,45,48,6.0,1
2024,45,49,6.0,1
2025,46,5,7.0,1
2026,46,6,5.0,1
2027,46,7,5.0,1
2028,46,8,5.0,1
2029,46,9,5.0,1
2030,46,10,7.0,1
2031,46,11,9.0,1
2032,46,12,6.0,1
2033,46,13,7.0,1
2034,46,14,6.0,1
2035,46,15,6.0,1
2036,46,16,8.0,1
2037,46,17,11.0,1
2038,46,18,6.0,1
2039,46,19,12.0,1
2040,46,20,7.0,1
2041,46,21,6.0,1
2042,46,22,6.0,1
2043,46,23,6.0,1
2044,46,24,6.0,1
2045,46,25,9.0,1
2046,46,26,5.0,1
2047,46,27,6.0,1
2048,46,28,7.0,1
2049,46,29,8.0,1
2050,46,30,6.0,1
2051,46,31,5.0,1
2052,46,32,7.0,1
2053,46,33,5.0,1
2054,46,34,7.0,1
2055,46,35,5.0,1
2056,46,36,7.0,1
2057,46,37,5.0,1
2058,46,38,6.0,1
2059,46,39,5.0,1
2060,46,40,5.0,1
2061,46,41,6.0,1
2062,46,42,6.0,1
2063,46,43,8.0,1
2064,46,44,6.0,1
2065,46,45,9.0,1
2066,46,46,6.0,1
2067,46,47,5.0,1
2068,46,48,7.0,1
2069,46,49,6.0,1
2070,47,5,6.0,1
2071,47,6,6.0,1
2072,47,7,7.0,1
2073,47,8,8.0,1
2074,47,9,11.0,1
2075,47,10,5.0,1
2076,47,11,8.0,1
2077,47,12,7.0,1
2078,47,13,10.0,1
2079,47,14,6.0,1
2080,47,15,10.0,1
2081,47,16,9.0,1
2082,47,17,8.0,1
2083,47,18,6.0,1
2084,47,19,6.0,1
2085,47,20,8.0,1
2086,47,21,6.0,1
2087,47,22,12.0,1
2088,47,23,6.0,1
2089,47,24,6.0,1
2090,47,25,6.0,1
2091,47,26,7.0,1
2092,47,27,13.0,1
2093,47,28,7.0,1
2094,47,29,6.0,1
2095,47,30,9.0,1
2096,47,31,8.0,1
2097,47,32,6.0,1
2098,47,33,8.0,1
2099,47,34,7.0,1
2100,47,35,7.0,1
2101,47,36,5.0,1
2102,47,37,8.0,1
2103,47,38,7.0,1
2104,47,39,6.0,1
2105,47,40,8.0,1
2106,47,41,6.0,1
2107,47,42,6.0,1
2108,47,43,6.0,1
2109,47,44,8.0,1
2110,47,45,5.0,1
2111,47,46,12.0,1
2112,47,47,8.0,1
2113,47,48,6.0,1
2114,47,49,8.0,1
2115,48,5,8.0,1
2116,48,6,14.0,1
2117,48,7,13.0,1
2118,48,8,8.0,1
2119,48,9,8.0,1
2120,48,10,11.0,1
2121,48,11,19.0,1
2122,48,13,11.0,1
2123,48,14,9.0,1
2124,48,15,8.0,1
2125,48,16,12.0,1
2126,48,18,6.0,1
2127,48,19,9.0,1
2128,48,20,9.0,1
2129,48,21,8.0,1
2130,48,22,14.0,1
2131,48,23,9.0,1
2132,48,24,7.0,1
2133,48,25,8.0,1
2134,48,26,10.0,1
2135,48,27,7.0,1
2136,48,28,9.0,1
2137,48,29,9.0,1
2138,48,30,9.0,1
2139,48,31,10.0,1
2140,48,32,7.0,1
2141,48,33,17.0,1
2142,48,34,8.0,1
2143,48,35,9.0,1
2144,48,36,8.0,1
2145,48,38,7.0,1
2146,48,39,8.0,1
2147,48,40,10.0,1
2148,48,41,10.0,1
2149,48,42,8.0,1
2150,48,43,6.0,1
2151,48,44,10.0,1
2152,48,45,11.0,1
2153,48,46,11.0,1
2154,48,47,9.0,1
2155,48,48,13.0,1
2156,48,49,7.0,1
2157,49,6,10.0,1
2158,49,7,16.0,1
2159,49,8,12.0,1
2160,49,9,18.0,1
2161,49,10,17.0,1
2162,49,11,11.0,1
2163,49,13,13.0,1
2164,49,14,10.0,1
2165,49,15,8.0,1
2166,49,16,14.0,1
2167,49,17,15.0,1
2168,49,18,15.0,1
2169,49,19,11.0,1
2170,49,20,11.0,1
2171,49,21,20.0,1
2172,49,23,11.0,1
2173,49,25,10.0,1
2174,49,26,10.0,1
2175,49,27,10.0,1
2176,49,28,13.0,1
2177,49,30,18.0,1
2178,49,31,7.0,1
2179,49,32,12.0,1
2180,49,33,9.0,1
2181,49,34,7.0,1
2182,49,35,7.0,1
2183,49,36,10.0,1
2184,49,37,13.0,1
2185,49,38,9.0,1
2186,49,39,8.0,1
2187,49,40,16.0,1
2188,49,42,7.0,1
2189,49,43,8.0,1
2190,49,44,11.0,1
2191,49,45,16.0,1
2192,49,47,8.0,1
2193,49,48,11.0,1
2194,49,49,24.0,1
2195,50,5,24.0,1
2196,50,7,13.0,1
2197,50,12,16.0,1
2198,50,15,11.0,1
2199,50,17,17.0,1
2200,50,24,10.0,1
2201,50,26,14.0,1
2202,50,32,14.0,1
2203,50,35,14.0,1
2204,50,39,14.0,1
2205,50,40,17.0,1
2206,50,44,10.0,1
2207,50,45,19.0,1
2208,51,19,11.0,1
2209,51,28,27.0,1
2210,51,40,22.0,1
2211,51,41,12.0,1
2212,52,44,14.0,1
2213,48,37,21.0,0
2214,49,5,10.0,0
2215,49,12,18.0,0
2216,49,22,13.0,0
2217,49,24,13.0,0
2218,49,29,14.0,0
2219,49,46,12.0,0
2220,50,8,15.0,0
2221,50,9,18.0,0
2222,50,10,31.0,0
2223,50,11,11.0,0
2224,50,13,11.0,0
2225,50,14,17.0,0
2226,50,19,10.0,0
2227,50,20,18.0,0
2228,50,21,32.0,0
2229,50,25,13.0,0
2230,50,27,15.0,0
2231,50,28,15.0,0
2232,50,30,16.0,0
2233,50,31,19.0,0
2234,50,33,10.0,0
2235,50,34,9.0,0
2236,50,36,9.0,0
2237,50,37,12.0,0
2238,50,38,17.0,0
2239,50,41,17.0,0
2240,50,42,12.0,0
2241,50,46,11.0,0
2242,50,48,11.0,0
2243,50,49,33.0,0
2244,51,5,17.0,0
2245,51,6,23.0,0
2246,51,7,12.0,0
2247,51,8,23.0,0
2248,51,10,22.0,0
2249,51,11,7.0,0
2250,51,12,9.0,0
2251,51,14,8.0,0
2252,51,15,10.0,0
2253,51,16,11.0,0
2254,51,17,10.0,0
2255,51,18,8.0,0
2256,51,20,12.0,0
2257,51,21,8.0,0
2258,51,23,14.0,0
2259,51,24,9.0,0
2260,51,25,13.0,0
2261,51,26,13.0,0
2262,51,27,11.0,0
2263,51,29,12.0,0
2264,51,30,21.0,0
2265,51,31,10.0,0
2266,51,32,13.0,0
2267,51,33,8.0,0
2268,51,34,8.0,0
2269,51,35,14.0,0
2270,51,36,15.0,0
2271,51,38,8.0,0
2272,51,39,9.0,0
2273,51,42,17.0,0
2274,51,43,11.0,0
2275,51,44,10.0,0
2276,51,45,9.0,0
2277,51,46,8.0,0
2278,51,47,10.0,0
2279,51,48,9.0,0
2280,51,49,9.0,0
2281,52,5,9.0,0
2282,52,6,8.0,0
2283,52,7,9.0,0
2284,52,8,8.0,0
2285,52,9,6.0,0
2286,52,10,7.0,0
2287,52,11,16.0,0
2288,52,12,8.0,0
2289,52,13,9.0,0
2290,52,14,10.0,0
2291,52,15,8.0,0
2292,52,16,9.0,0
2293,52,17,7.0,0
2294,52,18,8.0,0
2295,52,19,13.0,0
2296,52,20,22.0,0
2297,52,21,6.0,0
2298,52,22,10.0,0
2299,52,23,9.0,0
2300,52,24,15.0,0
2301,52,25,10.0,0
2302,52,26,6.0,0
2303,52,27,15.0,0
2304,52,28,7.0,0
2305,52,29,9.0,0
2306,52,30,7.0,0
2307,52,31,7.0,0
2308,52,32,9.0,0
2309,52,33,8.0,0
2310,52,34,10.0,0
2311,52,35,29.0,0
2312,52,36,9.0,0
2313,52,37,11.0,0
2314,52,38,8.0,0
2315,52,39,14.0,0
2316,52,40,11.0,0
2317,52,41,7.0,0
2318,52,42,8.0,0
2319,52,43,13.0,0
2320,52,45,8.0,0
2321,52,46,6.0,0
2322,52,47,9.0,0
2323,52,48,7.0,0
2324,52,49,9.0,0
2325,53,5,7.0,0
2326,53,6,10.0,0
2327,53,7,11.0,0
2328,53,8,5.0,0
2329,53,9,6.0,0
2330,53,10,8.0,0
2331,53,11,10.0,0
2332,53,12,7.0,0
2333,53,13,5.0,0
2334,53,14,7.0,0
2335,53,15,8.0,0
2336,53,16,7.0,0
2337,53,17,6.0,0
2338,53,18,8.0,0
2339,53,19,9.0,0
2340,53,20,6.0,0
2341,53,21,10.0,0
2342,53,22,7.0,0
2343,53,23,8.0,0
2344,53,24,7.0,0
2345,53,25,6.0,0
2346,53,26,11.0,0
2347,53,27,8.0,0
2348,53,28,8.0,0
2349,53,29,6.0,0
2350,53,30,6.0,0
2351,53,31,12.0,0
2352,53,32,8.0,0
2353,53,33,8.0,0
2354,53,34,7.0,0
2355,53,35,7.0,0
2356,53,36,6.0,0
2357,53,37,8.0,0
2358,53,38,7.0,0
2359,53,39,7.0,0
2360,53,40,9.0,0
2361,53,41,6.0,0
2362,53,42,9.0,0
2363,53,43,7.0,0
2364,53,44,7.0,0
2365,53,45,9.0,0
2366,53,46,8.0,0
2367,53,47,6.0,0
2368,53,48,7.0,0
2369,53,49,11.0,0
2370,54,5,8.0,0
2371,54,6,8.0,0
2372,54,7,6.0,0
2373,54,8,7.0,0
2374,54,9,7.0,0
2375,54,10,5.0,0
2376,54,11,6.0,0
2377,54,12,9.0,0
2378,54,13,6.0,0
2379,54,14,7.0,0
2380,54,15,7.0,0
2381,54,16,7.0,0
2382,54,17,7.0,0
2383,54,18,8.0,0
2384,54,19,7.0,0
2385,54,20,5.0,0
2386,54,21,5.0,0
2387,54,22,7.0,0
2388,54,23,6.0,0
2389,54,24,6.0,0
2390,54,25,7.0,0
2391,54,26,6.0,0
2392,54,27,5.0,0
2393,54,28,7.0,0
2394,54,29,5.0,0
2395,54,30,6.0,0
2396,54,31,6.0,0
2397,54,32,6.0,0
2398,54,33,7.0,0
2399,54,34,5.0,0
2400,54,35,6.0,0
2401,54,36,6.0,0
2402,54,37,7.0,0
2403,54,38,7.0,0
2404,54,39,5.0,0
2405,54,40,9.0,0
2406,54,41,7.0,0
2407,54,42,9.0,0
2408,54,43,5.0,0
2409,54,44,6.0,0
2410,54,45,8.0,0
2411,54,46,7.0,0
2412,54,47,9.0,0
2413,54,48,7.0,0
2414,54,49,7.0,0
2415,55,5,5.0,0
2416,55,6,6.0,0
2417,55,7,8.0,0
2418,55,8,6.0,0
2419,55,9,6.0,0
2420,55,10,5.0,0
2421,55,11,5.0,0
2422,55,12,5.0,0
2423,55,13,5.0,0
2424,55,14,6.0,0
2425,55,15,6.0,0
2426,55,16,5.0,0
2427,55,17,5.0,0
2428,55,18,6.0,0
2429,55,19,4.0,0
2430,55,20,5.0,0
2431,55,21,5.0,0
2432,55,22,5.0,0
2433,55,23,6.0,0
2434,55,24,5.0,0
2435,55,25,4.0,0
2436,55,26,5.0,0
2437,55,27,6.0,0
2438,55,28,5.0,0
2439,55,29,6.0,0
2440,55,30,6.0,0
2441,55,31,5.0,0
2442,55,32,5.0,0
2443,55,33,5.0,0
2444,55,34,5.0,0
2445,55,35,5.0,0
2446,55,36,5.0,0
2447,55,37,5.0,0
2448,55,38,6.0,0
2449,55,39,7.0,0
2450,55,40,6.0,0
2451,55,41,7.0,0
2452,55,42,7.0,0
2453,55,43,6.0,0
2454,55,44,5.0,0
2455,55,45,5.0,0
2456,55,46,6.0,0
2457,55,47,4.0,0
2458,55,48,5.0,0
2459,55,49,5.0,0
2460,56,5,4.0,0
2461,56,6,5.0,0
2462,56,7,5.0,0
2463,56,8,7.0,0
2464,56,9,4.0,0
2465,56,10,5.0,0
2466,56,11,4.0,0
2467,56,12,5.0,0
2468,56,13,5.0,0
2469,56,14,5.0,0
2470,56,15,5.0,0
2471,56,16,5.0,0
2472,56,17,6.0,0
2473,56,18,5.0,0
2474,56,19,4.0,0
2475,56,20,6.0,0
2476,56,21,5.0,0
2477,56,22,4.0,0
2478,56,23,4.0,0
2479,56,24,4.0,0
2480,56,25,4.0,0
2481,56,26,7.0,0
2482,56,27,6.0,0
2483,56,28,6.0,0
2484,56,29,6.0,0
2485,56,30,4.0,0
2486,56,31,5.0,0
2487,56,32,5.0,0
2488,56,33,4.0,0
2489,56,34,6.0,0
2490,56,35,4.0,0
2491,56,36,5.0,0
2492,56,37,5.0,0
2493,56,38,6.0,0
2494,56,39,4.0,0
2495,56,40,6.0,0
2496,56,41,5.0,0
2497,56,42,6.0,0
2498,56,43,5.0,0
2499,56,44,4.0,0
2500,56,45,6.0,0
2501,56,46,4.0,0
2502,56,47,5.0,0
2503,56,48,6.0,0
2504,56,49,4.0,0
2505,57,5,5.0,0
2506,57,6,5.0,0
2507,57,7,4.0,0
2508,57,8,4.0,0
2509,57,9,6.0,0
2510,57,10,5.0,0
2511,57,11,4.0,0
2512,57,12,5.0,0
2513,57,13,5.0,0
2514,57,14,5.0,0
2515,57,15,5.0,0
2516,57,16,6.0,0
2517,57,17,5.0,0
2518,57,18,4.0,0
2519,57,19,6.0,0
2520,57,20,5.0,0
2521,57,21,6.0,0
2522,57,22,5.0,0
2523,57,23,4.0,0
2524,57,24,4.0,0
2525,57,25,5.0,0
2526,57,26,5.0,0
2527,57,27,6.0,0
2528,57,28,5.0,0
2529,57,29,4.0,0
2530,57,30,5.0,0
2531,57,31,4.0,0
2532,57,32,4.0,0
2533,57,33,6.0,0
2534,57,34,4.0,0
2535,57,35,4.0,0
2536,57,36,6.0,0
2537,57,37,4.0,0
2538,57,38,5.0,0
2539,57,39,4.0,0
2540,57,40,5.0,0
2541,57,41,6.0,0
2542,57,42,4.0,0
2543,57,43,4.0,0
2544,57,44,5.0,0
2545,57,45,4.0,0
2546,57,46,5.0,0
2547,57,47,5.0,0
2548,57,48,4.0,0
2549,57,49,6.0,0
2550,58,5,4.0,0
2551,58,6,4.0,0
2552,58,7,5.0,0
2553,58,8,5.0,0
2554,58,9,5.0,0
2555,58,10,4.0,0
2556,58,11,5.0,0
2557,58,12,6.0,0
2558,58,13,4.0,0
2559,58,14,4.0,0
2560,58,15,4.0,0
2561,58,16,4.0,0
2562,58,17,5.0,0
2563,58,18,4.0,0
2564,58,19,4.0,0
2565,58,20,4.0,0
2566,58,21,5.0,0
2567,58,22,4.0,0
2568,58,23,5.0,0
2569,58,24,3.0,0
2570,58,25,4.0,0
2571,58,26,3.0,0
2572,58,27,4.0,0
2573,58,28,5.0,0
2574,58,29,3.0,0
2575,58,30,4.0,0
2576,58,31,4.0,0
2577,58,32,4.0,0
2578,58,33,5.0,0
2579,58,34,3.0,0
2580,58,35,5.0,0
2581,58,36,5.0,0
2582,58,37,5.0,0
2583,58,38,4.0,0
2584,58,39,5.0,0
2585,58,40,4.0,0
2586,58,41,4.0,0
2587,58,42,4.0,0
2588,58,43,5.0,0
2589,58,44,4.0,0
2590,58,45,4.0,0
2591,58,46,4.0,0
2592,58,47,5.0,0
2593,58,48,4.0,0
2594,58,49,5.0,0
2595,59,5,4.0,0
2596,59,6,4.0,0
2597,59,7,4.0,0
2598,59,8,5.0,0
2599,59,9,4.0,0
2600,59,10,4.0,0
2601,59,11,4.0,0
2602,59,12,4.0,0
2603,59,13,4.0,0
2604,59,14,4.0,0
2605,59,15,4.0,0
2606,59,16,5.0,0
2607,59,17,4.0,0
2608,59,18,4.0,0
2609,59,19,5.0,0
2610,59,20,4.0,0
2611,59,21,4.0,0
2612,59,22,5.0,0
2613,59,23,4.0,0
2614,59,24,4.0,0
2615,59,25,4.0,0
2616,59,26,4.0,0
2617,59,27,4.0,0
2618,59,28,7.0,0
2619,59,29,5.0,0
2620,59,30,5.0,0
2621,59,31,3.0,0
2622,59,32,4.0,0
2623,59,33,4.0,0
2624,59,34,4.0,0
2625,59,35,5.0,0
2626,59,36,3.0,0
2627,59,37,4.0,0
2628,59,38,4.0,0
2629,59,39,4.0,0
2630,59,40,3.0,0
2631,59,41,4.0,0
2632,59,42,3.0,0
2633,59,43,4.0,0
2634,59,44,3.0,0
2635,59,45,4.0,0
2636,59,46,4.0,0
2637,59,47,4.0,0
2638,59,48,4.0,0
2639,59,49,5.0,0
2640,60,5,3.0,0
2641,60,6,4.0,0
2642,60,7,4.0,0
2643,60,8,4.0,0
2644,60,9,4.0,0
2645,60,10,5.0,0
2646,60,11,3.0,0
2647,60,12,4.0,0
2648,60,13,4.0,0
2649,60,14,4.0,0
2650,60,15,5.0,0
2651,60,16,5.0,0
2652,60,17,5.0,0
2653,60,18,4.0,0
2654,60,19,4.0,0
2655,60,20,3.0,0
2656,60,21,4.0,0
2657,60,22,3.0,0
2658,60,23,4.0,0
2659,60,24,4.0,0
2660,60,25,4.0,0
2661,60,26,3.0,0
2662,60,27,3.0,0
2663,60,28,3.0,0
2664,60,29,4.0,0
2665,60,30,4.0,0
2666,60,31,4.0,0
2667,60,32,4.0,0
2668,60,33,4.0,0
2669,60,34,4.0,0
2670,60,35,4.0,0
2671,60,36,5.0,0
2672,60,37,4.0,0
2673,60,38,4.0,0
2674,60,39,4.0,0
2675,60,40,4.0,0
2676,60,41,5.0,0
2677,60,42,4.0,0
2678,60,43,4.0,0
2679,60,44,3.0,0
2680,60,45,5.0,0
2681,60,46,4.0,0
2682,60,47,3.0,0
2683,60,48,3.0,0
2684,60,49,4.0,0
2685,61,5,3.0,0
2686,61,6,4.0,0
2687,61,7,3.0,0
2688,61,8,4.0,0
2689,61,9,4.0,0
2690,61,10,3.0,0
2691,61,11,4.0,0
2692,61,12,3.0,0
2693,61,13,5.0,0
2694,61,14,3.0,0
2695,61,15,4.0,0
2696,61,16,3.0,0
2697,61,17,3.0,0
2698,61,18,4.0,0
2699,61,19,4.0,0
2700,61,20,3.0,0
2701,61,21,4.0,0
2702,61,22,3.0,0
2703,61,23,4.0,0
2704,61,24,4.0,0
2705,61,25,4.0,0
2706,61,26,6.0,0
2707,61,27,4.0,0
2708,61,28,4.0,0
2709,61,29,3.0,0
2710,61,30,3.0,0
2711,61,31,3.0,0
2712,61,32,4.0,0
2713,61,33,4.0,0
2714,61,34,3.0,0
2715,61,35,4.0,0
2716,61,36,4.0,0
2717,61,37,4.0,0
2718,61,38,3.0,0
2719,61,39,3.0,0
2720,61,40,3.0,0
2721,61,41,4.0,0
2722,61,42,3.0,0
2723,61,43,3.0,0
2724,61,44,4.0,0
2725,61,45,3.0,0
2726,61,46,5.0,0
2727,61,47,3.0,0
2728,61,48,3.0,0
2729,61,49,4.0,0
2730,62,5,3.0,0
2731,62,6,3.0,0
2732,62,7,3.0,0
2733,62,8,3.0,0
2734,62,9,4.0,0
2735,62,10,4.0,0
2736,62,11,4.0,0
2737,62,12,3.0,0
2738,62,13,4.0,0
2739,62,14,4.0,0
2740,62,15,3.0,0
2741,62,16,3.0,0
2742,62,17,4.0,0
2743,62,18,3.0,0
2744,62,19,3.0,0
2745,62,20,4.0,0
2746,62,21,3.0,0
2747,62,22,3.0,0
2748,62,23,3.0,0
2749,62,24,3.0,0
2750,62,25,3.0,0
2751,62,26,4.0,0
2752,62,27,4.0,0
2753,62,28,3.0,0
2754,62,29,4.0,0
2755,62,30,4.0,0
2756,62,31,4.0,0
2757,62,32,3.0,0
2758,62,33,4.0,0
2759,62,34,4.0,0
2760,62,35,3.0,0
2761,62,36,4.0,0
2762,62,37,4.0,0
2763,62,38,3.0,0
2764,62,39,4.0,0
2765,62,40,3.0,0
2766,62,41,3.0,0
2767,62,42,3.0,0
2768,62,43,3.0,0
2769,62,44,4.0,0
2770,62,45,3.0,0
2771,62,46,4.0,0
2772,62,47,4.0,0
2773,62,48,4.0,0
2774,62,49,4.0,0
2775,63,5,3.0,0
2776,63,6,3.0,0
2777,63,7,4.0,0
2778,63,8,3.0,0
2779,63,9,3.0,0
2780,63,10,3.0,0
2781,63,11,3.0,0
2782,63,12,3.0,0
2783,63,13,3.0,0
2784,63,14,4.0,0
2785,63,15,3.0,0
2786,63,16,3.0,0
2787,63,17,4.0,0
2788,63,18,4.0,0
2789,63,19,3.0,0
2790,63,20,4.0,0
2791,63,21,3.0,0
2792,63,22,3.0,0
2793,63,23,3.0,0
2794,63,24,3.0,0
2795,63,25,3.0,0
2796,63,26,3.0,0
2797,63,27,3.0,0
2798,63,28,3.0,0
2799,63,29,3.0,0
2800,63,30,3.0,0
2801,63,31,3.0,0
2802,63,32,3.0,0
2803,63,33,3.0,0
2804,63,34,3.0,0
2805,63,35,3.0,0
2806,63,36,3.0,0
2807,63,37,3.0,0
2808,63,38,3.0,0
2809,63,39,4.0,0
2810,63,40,3.0,0
2811,63,41,4.0,0
2812,63,42,4.0,0
2813,63,43,3.0,0
2814,63,44,3.0,0
2815,63,45,4.0,0
2816,63,46,3.0,0
2817,63,47,3.0,0
2818,63,48,5.0,0
2819,63,49,4.0,0
2820,64,5,3.0,0
2821,64,6,3.0,0
2822,64,7,3.0,0
2823,64,8,3.0,0
2824,64,9,3.0,0
2825,64,10,3.0,0
2826,64,11,3.0,0
2827,64,12,3.0,0
2828,64,13,3.0,0
2829,64,14,3.0,0
2830,64,15,3.0,0
2831,64,16,3.0,0
2832,64,17,3.0,0
2833,64,18,3.0,0
2834,64,19,3.0,0
2835,64,20,3.0,0
2836,64,21,4.0,0
2837,64,22,4.0,0
2838,64,23,3.0,0
2839,64,24,3.0,0
2840,64,25,3.0,0
2841,64,26,4.0,0
2842,64,27,3.0,0
2843,64,28,3.0,0
2844,64,29,3.0,0
2845,64,30,3.0,0
2846,64,31,4.0,0
2847,64,32,3.0,0
2848,64,33,3.0,0
2849,64,34,4.0,0
2850,64,35,3.0,0
2851,64,36,3.0,0
2852,64,37,3.0,0
2853,64,38,3.0,0
2854,64,39,3.0,0
2855,64,40,3.0,0
2856,64,41,3.0,0
2857,64,42,3.0,0
2858,64,43,3.0,0
2859,64,44,3.0,0
2860,64,45,4.0,0
2861,64,46,3.0,0
2862,64,47,3.0,0
2863,64,48,3.0,0
2864,64,49,3.0,0
2865,65,5,3.0,0
2866,65,6,3.0,0
2867,65,7,3.0,0
2868,65,8,4.0,0
2869,65,9,3.0,0
2870,65,10,3.0,0
2871,65,11,3.0,0
2872,65,12,3.0,0
2873,65,13,3.0,0
2874,65,14,3.0,0
2875,65,15,4.0,0
2876,65,16,3.0,0
2877,65,17,3.0,0
2878,65,18,3.0,0
2879,65,19,3.0,0
2880,65,20,3.0,0
2881,65,21,3.0,0
2882,65,22,3.0,0
2883,65,23,3.0,0
2884,65,24,3.0,0
2885,65,25,3.0,0
2886,65,26,3.0,0
2887,65,27,3.0,0
2888,65,28,3.0,0
2889,65,29,3.0,0
2890,65,30,3.0,0
2891,65,31,3.0,0
2892,65,32,3.0,0
2893,65,33,3.0,0
2894,65,34,3.0,0
2895,65,35,3.0,0
2896,65,36,3.0,0
2897,65,37,3.0,0
2898,65,38,3.0,0
2899,65,39,3.0,0
2900,65,40,3.0,0
2901,65,41,3.0,0
2902,65,42,3.0,0
2903,65,43,3.0,0
2904,65,44,3.0,0
2905,65,45,3.0,0
2906,65,46,3.0,0
2907,65,47,3.0,0
2908,65,48,3.0,0
2909,65,49,3.0,0
2910,66,5,3.0,0
2911,66,6,3.0,0
2912,66,7,3.0,0
2913,66,8,3.0,0
2914,66,9,3.0,0
2915,66,10,3.0,0
2916,66,11,3.0,0
2917,66,12,3.0,0
2918,66,13,3.0,0
2919,66,14,3.0,0
2920,66,15,3.0,0
2921,66,16,3.0,0
2922,66,17,3.0,0
2923,66,18,3.0,0
2924,66,19,3.0,0
2925,66,20,4.0,0
2926,66,21,3.0,0
2927,66,22,3.0,0
2928,66,23,3.0,0
2929,66,24,3.0,0
2930,66,25,3.0,0
2931,66,26,3.0,0
2932,66,27,4.0,0
2933,66,28,3.0,0
2934,66,29,2.0,0
2935,66,30,3.0,0
2936,66,31,3.0,0
2937,66,32,3.0,0
2938,66,33,3.0,0
2939,66,34,3.0,0
2940,66,35,3.0,0
2941,66,36,3.0,0
2942,66,37,3.0,0
2943,66,38,3.0,0
2944,66,39,3.0,0
2945,66,40,3.0,0
2946,66,41,3.0,0
2947,66,42,2.0,0
2948,66,43,3.0,0
2949,66,44,3.0,0
2950,66,45,3.0,0
2951,66,46,3.0,0
2952,66,47,3.0,0
2953,66,48,3.0,0
2954,66,49,4.0,0
2955,67,5,3.0,0
2956,67,6,3.0,0
2957,67,7,4.0,0
2958,67,8,3.0,0
2959,67,9,3.0,0
2960,67,10,3.0,0
2961,67,11,3.0,0
2962,67,12,2.0,0
2963,67,13,3.0,0
2964,67,14,3.0,0
2965,67,15,3.0,0
2966,67,16,2.0,0
2967,67,17,3.0,0
2968,67,18,3.0,0
2969,67,19,3.0,0
2970,67,20,2.0,0
2971,67,21,3.0,0
2972,67,22,3.0,0
2973,67,23,2.0,0
2974,67,24,3.0,0
2975,67,25,3.0,0
2976,67,26,3.0,0
2977,67,27,3.0,0
2978,67,28,3.0,0
2979,67,29,3.0,0
2980,67,30,3.0,0
2981,67,31,3.0,0
2982,67,32,3.0,0
2983,67,33,2.0,0
2984,67,34,3.0,0
2985,67,35,3.0,0
2986,67,36,3.0,0
2987,67,37,3.0,0
2988,67,38,3.0,0
2989,67,39,2.0,0
2990,67,40,3.0,0
2991,67,41,5.0,0
2992,67,42,3.0,0
2993,67,43,3.0,0
2994,67,44,3.0,0
2995,67,45,3.0,0
2996,67,46,3.0,0
2997,67,47,3.0,0
2998,67,48,3.0,0
2999,67,49,3.0,0
3000,68,5,3.0,0
3001,68,6,2.0,0
3002,68,7,3.0,0
3003,68,8,3.0,0
3004,68,9,4.0,0
3005,68,10,2.0,0
3006,68,11,3.0,0
3007,68,12,2.0,0
3008,68,13,2.0,0
3009,68,14,3.0,0
3010,68,15,3.0,0
3011,68,16,3.0,0
3012,68,17,3.0,0
3013,68,18,3.0,0
3014,68,19,3.0,0
3015,68,20,3.0,0
3016,68,21,3.0,0
3017,68,22,3.0,0
3018,68,23,2.0,0
3019,68,24,2.0,0
3020,68,25,3.0,0
3021,68,26,3.0,0
3022,68,27,3.0,0
3023,68,28,3.0,0
3024,68,29,3.0,0
3025,68,30,3.0,0
3026,68,31,3.0,0
3027,68,32,3.0,0
3028,68,33,3.0,0
3029,68,34,2.0,0
3030,68,35,2.0,0
3031,68,36,3.0,0
3032,68,37,3.0,0
3033,68,38,3.0,0
3034,68,39,2.0,0
3035,68,40,3.0,0
3036,68,41,2.0,0
3037,68,42,2.0,0
3038,68,43,3.0,0
3039,68,44,3.0,0
3040,68,45,3.0,0
3041,68,46,2.0,0
3042,68,47,2.0,0
3043,68,48,3.0,0
3044,68,49,2.0,0
3045,69,5,3.0,0
3046,69,6,3.0,0
3047,69,7,3.0,0
3048,69,8,3.0,0
3049,69,9,3.0,0
3050,69,10,3.0,0
3051,69,11,2.0,0
3052,69,12,2.0,0
3053,69,13,3.0,0
3054,69,14,3.0,0
3055,69,15,2.0,0
3056,69,16,3.0,0
3057,69,17,3.0,0
3058,69,18,3.0,0
3059,69,19,3.0,0
3060,69,20,2.0,0
3061,69,21,2.0,0
3062,69,22,2.0,0
3063,69,23,2.0,0
3064,69,24,3.0,0
3065,69,25,3.0,0
3066,69,26,2.0,0
3067,69,27,3.0,0
3068,69,28,2.0,0
3069,69,29,4.0,0
3070,69,30,2.0,0
3071,69,31,3.0,0
3072,69,32,2.0,0
3073,69,33,3.0,0
3074,69,34,2.0,0
3075,69,35,3.0,0
3076,69,36,3.0,0
3077,69,37,3.0,0
3078,69,38,2.0,0
3079,69,39,3.0,0
3080,69,40,3.0,0
3081,69,41,3.0,0
3082,69,42,3.0,0
3083,69,43,2.0,0
3084,69,44,3.0,0
3085,69,45,3.0,0
3086,69,46,3.0,0
3087,69,47,2.0,0
3088,69,48,3.0,0
3089,69,49,3.0,0
3090,70,5,2.0,0
3091,70,6,2.0,0
3092,70,7,2.0,0
3093,70,8,2.0,0
3094,70,9,2.0,0
3095,70,10,3.0,0
3096,70,11,3.0,0
3097,70,12,3.0,0
3098,70,13,3.0,0
3099,70,14,2.0,0
3100,70,15,3.0,0
3101,70,16,3.0,0
3102,70,17,2.0,0
3103,70,18,3.0,0
3104,70,19,2.0,0
3105,70,20,2.0,0
3106,70,21,2.0,0
3107,70,22,3.0,0
3108,70,23,3.0,0
3109,70,24,2.0,0
3110,70,25,3.0,0
3111,70,26,2.0,0
3112,70,27,3.0,0
3113,70,28,2.0,0
3114,70,29,2.0,0
3115,70,30,2.0,0
3116,70,31,2.0,0
3117,70,32,2.0,0
3118,70,33,3.0,0
3119,70,34,3.0,0
3120,70,35,2.0,0
3121,70,36,2.0,0
3122,70,37,3.0,0
3123,70,38,2.0,0
3124,70,39,3.0,0
3125,70,40,2.0,0
3126,70,41,3.0,0
3127,70,42,2.0,0
3128,70,43,2.0,0
3129,70,44,3.0,0
3130,70,45,3.0,0
3131,70,46,3.0,0
3132,70,47,2.0,0
3133,70,48,2.0,0
3134,70,49,3.0,0
3135,71,5,2.0,0
3136,71,6,2.0,0
3137,71,7,2.0,0
3138,71,8,3.0,0
3139,71,9,2.0,0
3140,71,10,3.0,0
3141,71,11,3.0,0
3142,71,12,2.0,0
3143,71,13,2.0,0
3144,71,14,2.0,0
3145,71,15,2.0,0
3146,71,16,2.0,0
3147,71,17,2.0,0
3148,71,18,2.0,0
3149,71,19,2.0,0
3150,71,20,2.0,0
3151,71,21,2.0,0
3152,71,22,2.0,0
3153,71,23,3.0,0
3154,71,24,2.0,0
3155,71,25,3.0,0
3156,71,26,2.0,0
3157,71,27,3.0,0
3158,71,28,2.0,0
3159,71,29,3.0,0
3160,71,30,2.0,0
3161,71,31,3.0,0
3162,71,32,2.0,0
3163,71,33,2.0,0
3164,71,34,3.0,0
3165,71,35,3.0,0
3166,71,36,3.0,0
3167,71,37,2.0,0
3168,71,38,3.0,0
3169,71,39,3.0,0
3170,71,40,3.0,0
3171,71,41,3.0,0
3172,71,42,2.0,0
3173,71,43,2.0,0
3174,71,44,2.0,0
3175,71,45,3.0,0
3176,71,46,2.0,0
3177,71,47,2.0,0
3178,71,48,2.0,0
3179,71,49,3.0,0
3180,72,5,3.0,0
3181,72,6,3.0,0
3182,72,7,2.0,0
3183,72,8,2.0,0
3184,72,9,2.0,0
3185,72,10,3.0,0
3186,72,11,2.0,0
3187,72,12,2.0,0
3188,72,13,3.0,0
3189,72,14,2.0,0
3190,72,15,2.0,0
3191,72,16,3.0,0
3192,72,17,3.0,0
3193,72,18,2.0,0
3194,72,19,2.0,0
3195,72,20,3.0,0
3196,72,21,2.0,0
3197,72,22,2.0,0
3198,72,23,2.0,0
3199,72,24,3.0,0
3200,72,25,3.0,0
3201,72,26,3.0,0
3202,72,27,2.0,0
3203,72,28,3.0,0
3204,72,29,2.0,0
3205,72,30,2.0,0
3206,72,31,2.0,0
3207,72,32,3.0,0
3208,72,33,2.0,0
3209,72,34,2.0,0
3210,72,35,2.0,0
3211,72,36,2.0,0
3212,72,37,2.0,0
3213,72,38,2.0,0
3214,72,39,2.0,0
3215,72,40,2.0,0
3216,72,41,2.0,0
3217,72,42,2.0,0
3218,72,43,2.0,0
3219,72,44,2.0,0
3220,72,45,3.0,0
3221,72,46,3.0,0
3222,72,47,2.0,0
3223,72,48,2.0,0
3224,72,49,2.0,0
3225,73,5,2.0,0
3226,73,6,2.0,0
3227,73,7,2.0,0
3228,73,8,2.0,0
3229,73,9,3.0,0
3230,73,10,2.0,0
3231,73,11,2.0,0
3232,73,12,3.0,0
3233,73,13,3.0,0
3234,73,14,2.0,0
3235,73,15,2.0,0
3236,73,16,2.0,0
3237,73,17,3.0,0
3238,73,18,2.0,0
3239,73,19,2.0,0
3240,73,20,2.0,0
3241,73,21,3.0,0
3242,73,22,3.0,0
3243,73,23,3.0,0
3244,73,24,3.0,0
3245,73,25,2.0,0
3246,73,26,2.0,0
3247,73,27,2.0,0
3248,73,28,2.0,0
3249,73,29,2.0,0
3250,73,30,3.0,0
3251,73,31,2.0,0
3252,73,32,2.0,0
3253,73,33,2.0,0
3254,73,34,2.0,0
3255,73,35,2.0,0
3256,73,36,2.0,0
3257,73,37,3.0,0
3258,73,38,2.0,0
3259,73,39,2.0,0
3260,73,40,2.0,0
3261,73,41,2.0,0
3262,73,42,2.0,0
3263,73,43,2.0,0
3264,73,44,2.0,0
3265,73,45,2.0,0
3266,73,46,2.0,0
3267,73,47,2.0,0
3268,73,48,3.0,0
3269,73,49,3.0,0
3270,74,5,2.0,0
3271,74,6,2.0,0
3272,74,7,2.0,0
3273,74,8,2.0,0
3274,74,9,2.0,0
3275,74,10,2.0,0
3276,74,11,3.0,0
3277,74,12,3.0,0
3278,74,13,2.0,0
3279,74,14,2.0,0
3280,74,15,2.0,0
3281,74,16,2.0,0
3282,74,17,3.0,0
3283,74,18,2.0,0
3284,74,19,2.0,0
3285,74,20,2.0,0
3286,74,21,2.0,0
3287,74,22,2.0,0
3288,74,23,2.0,0
3289,74,24,2.0,0
3290,74,25,2.0,0
3291,74,26,2.0,0
3292,74,27,2.0,0
3293,74,28,2.0,0
3294,74,29,2.0,0
3295,74,30,3.0,0
3296,74,31,2.0,0
3297,74,32,2.0,0
3298,74,33,2.0,0
3299,74,34,2.0,0
3300,74,35,2.0,0
3301,74,36,2.0,0
3302,74,37,2.0,0
3303,74,38,2.0,0
3304,74,39,3.0,0
3305,74,40,2.0,0
3306,74,41,2.0,0
3307,74,42,2.0,0
3308,74,43,2.0,0
3309,74,44,2.0,0
3310,74,45,2.0,0
3311,74,46,2.0,0
3312,74,47,2.0,0
3313,74,48,2.0,0
3314,74,49,2.0,0
3315,75,5,2.0,0
3316,75,6,2.0,0
3317,75,7,2.0,0
3318,75,8,2.0,0
3319,75,9,2.0,0
3320,75,10,2.0,0
3321,75,11,2.0,0
3322,75,12,2.0,0
3323,75,13,2.0,0
3324,75,14,2.0,0
3325,75,15,2.0,0
3326,75,16,2.0,0
3327,75,17,2.0,0
3328,75,18,2.0,0
3329,75,19,2.0,0
3330,75,20,2.0,0
3331,75,21,2.0,0
3332,75,22,2.0,0
3333,75,23,2.0,0
3334,75,24,3.0,0
3335,75,25,2.0,0
3336,75,26,2.0,0
3337,75,27,3.0,0
3338,75,28,2.0,0
3339,75,29,2.0,0
3340,75,30,2.0,0
3341,75,31,2.0,0
3342,75,32,2.0,0
3343,75,33,2.0,0
3344,75,34,2.0,0
3345,75,35,3.0,0
3346,75,36,2.0,0
3347,75,37,2.0,0
3348,75,38,2.0,0
3349,75,39,2.0,0
3350,75,40,2.0,0
3351,75,41,2.0,0
3352,75,42,2.0,0
3353,75,43,2.0,0
3354,75,44,2.0,0
3355,75,45,2.0,0
3356,75,46,2.0,0
3357,75,47,3.0,0
3358,75,48,2.0,0
3359,75,49,2.0,0
3360,76,5,3.0,0
3361,76,6,2.0,0
3362,76,7,2.0,0
3363,76,8,2.0,0
3364,76,9,2.0,0
3365,76,10,2.0,0
3366,76,11,2.0,0
3367,76,12,2.0,0
3368,76,13,2.0,0
3369,76,14,2.0,0
3370,76,15,2.0,0
3371,76,16,2.0,0
3372,76,17,2.0,0
3373,76,18,2.0,0
3374,76,19,2.0,0
3375,76,20,2.0,0
3376,76,21,2.0,0
3377,76,22,2.0,0
3378,76,23,2.0,0
3379,76,24,2.0,0
3380,76,25,2.0,0
3381,76,26,2.0,0
3382,76,27,2.0,0
3383,76,28,2.0,0
3384,76,29,2.0,0
3385,76,30,2.0,0
3386,76,31,2.0,0
3387,76,32,2.0,0
3388,76,33,2.0,0
3389,76,34,2.0,0
3390,76,35,2.0,0
3391,76,36,2.0,0
3392,76,37,2.0,0
3393,76,38,2.0,0
3394,76,39,2.0,0
3395,76,40,2.0,0
3396,76,41,2.0,0
3397,76,42,2.0,0
3398,76,43,2.0,0
3399,76,44,2.0,0
3400,76,45,2.0,0
3401,76,46,2.0,0
3402,76,47,2.0,0
3403,76,48,2.0,0
3404,76,49,2.0,0
3405,77,5,2.0,0
3406,77,6,2.0,0
3407,77,7,1.0,0
3408,77,8,2.0,0
3409,77,9,2.0,0
3410,77,10,2.0,0
3411,77,11,2.0,0
3412,77,12,2.0,0
3413,77,13,2.0,0
3414,77,14,2.0,0
3415,77,15,2.0,0
3416,77,16,2.0,0
3417,77,17,2.0,0
3418,77,18,2.0,0
3419,77,19,2.0,0
3420,77,20,2.0,0
3421,77,21,2.0,0
3422,77,22,2.0,0
3423,77,23,2.0,0
3424,77,24,2.0,0
3425,77,25,2.0,0
3426,77,26,2.0,0
3427,77,27,2.0,0
3428,77,28,2.0,0
3429,77,29,2.0,0
3430,77,30,2.0,0
3431,77,31,2.0,0
3432,77,32,2.0,0
3433,77,33,2.0,0
3434,77,34,2.0,0
3435,77,35,2.0,0
3436,77,36,2.0,0
3437,77,37,2.0,0
3438,77,38,2.0,0
3439,77,39,2.0,0
3440,77,40,2.0,0
3441,77,41,2.0,0
3442,77,42,2.0,0
3443,77,43,2.0,0
3444,77,44,2.0,0
3445,77,45,2.0,0
3446,77,46,3.0,0
3447,77,47,2.0,0
3448,77,48,2.0,0
3449,77,49,2.0,0
3450,78,5,2.0,0
3451,78,6,2.0,0
3452,78,7,2.0,0
3453,78,8,2.0,0
3454,78,9,2.0,0
3455,78,10,2.0,0
3456,78,11,2.0,0
3457,78,12,2.0,0
3458,78,13,2.0,0
3459,78,14,2.0,0
3460,78,15,2.0,0
3461,78,16,2.0,0
3462,78,17,2.0,0
3463,78,18,2.0,0
3464,78,19,2.0,0
3465,78,20,2.0,0
3466,78,21,2.0,0
3467,78,22,2.0,0
3468,78,23,2.0,0
3469,78,24,2.0,0
3470,78,25,2.0,0
3471,78,26,2.0,0
3472,78,27,2.0,0
3473,78,28,2.0,0
3474,78,29,2.0,0
3475,78,30,2.0,0
3476,78,31,2.0,0
3477,78,32,2.0,0
3478,78,33,2.0,0
3479,78,34,2.0,0
3480,78,35,2.0,0
3481,78,36,2.0,0
3482,78,37,2.0,0
3483,78,38,2.0,0
3484,78,39,2.0,0
3485,78,40,2.0,0
3486,78,41,2.0,0
3487,78,42,2.0,0
3488,78,43,2.0,0
3489,78,44,2.0,0
3490,78,45,2.0,0
3491,78,46,2.0,0
3492,78,47,2.0,0
3493,78,48,2.0,0
3494,78,49,2.0,0
3495,79,5,2.0,0
3496,79,6,2.0,0
3497,79,7,2.0,0
3498,79,8,2.0,0
3499,79,9,2.0,0
3500,79,10,2.0,0
3501,79,11,2.0,0
3502,79,12,2.0,0
3503,79,13,2.0,0
3504,79,14,2.0,0
3505,79,15,2.0,0
3506,79,16,2.0,0
3507,79,17,2.0,0
3508,79,18,3.0,0
3509,79,19,2.0,0
3510,79,20,2.0,0
3511,79,21,2.0,0
3512,79,22,2.0,0
3513,79,23,2.0,0
3514,79,24,2.0,0
3515,79,25,2.0,0
3516,79,26,2.0,0
3517,79,27,2.0,0
3518,79,28,2.0,0
3519,79,29,2.0,0
3520,79,30,2.0,0
3521,79,31,2.0,0
3522,79,32,2.0,0
3523,79,33,2.0,0
3524,79,34,2.0,0
3525,79,35,2.0,0
3526,79,36,2.0,0
3527,79,37,2.0,0
3528,79,38,2.0,0
3529,79,39,2.0,0
3530,79,40,2.0,0
3531,79,41,2.0,0
3532,79,42,2.0,0
3533,79,43,2.0,0
3534,79,44,2.0,0
3535,79,45,2.0,0
3536,79,46,2.0,0
3537,79,47,2.0,0
3538,79,48,2.0,0
3539,79,49,2.0,0
3540,80,5,2.0,0
3541,80,6,2.0,0
3542,80,7,2.0,0
3543,80,8,2.0,0
3544,80,9,2.0,0
3545,80,10,2.0,0
3546,80,11,2.0,0
3547,80,12,2.0,0
3548,80,13,2.0,0
3549,80,14,2.0,0
3550,80,15,1.0,0
3551,80,16,2.0,0
3552,80,17,2.0,0
3553,80,18,2.0,0
3554,80,19,2.0,0
3555,80,20,2.0,0
3556,80,21,2.0,0
3557,80,22,2.0,0
3558,80,23,2.0,0
3559,80,24,2.0,0
3560,80,25,2.0,0
3561,80,26,2.0,0
3562,80,27,2.0,0
3563,80,28,2.0,0
3564,80,29,2.0,0
3565,80,30,2.0,0
3566,80,31,2.0,0
3567,80,32,2.0,0
3568,80,33,2.0,0
3569,80,34,2.0,0
3570,80,35,2.0,0
3571,80,36,2.0,0
3572,80,37,2.0,0
3573,80,38,2.0,0
3574,80,39,2.0,0
3575,80,40,2.0,0
3576,80,41,2.0,0
3577,80,42,2.0,0
3578,80,43,2.0,0
3579,80,44,2.0,0
3580,80,45,2.0,0
3581,80,46,2.0,0
3582,80,47,2.0,0
3583,80,48,2.0,0
3584,80,49,2.0,0
3585,81,5,2.0,0
3586,81,6,2.0,0
3587,81,7,1.0,0
3588,81,8,2.0,0
3589,81,9,2.0,0
3590,81,10,2.0,0
3591,81,11,2.0,0
3592,81,12,2.0,0
3593,81,13,2.0,0
3594,81,14,2.0,0
3595,81,15,2.0,0
3596,81,16,2.0,0
3597,81,17,1.0,0
3598,81,18,2.0,0
3599,81,19,2.0,0
3600,81,20,2.0,0
3601,81,21,2.0,0
3602,81,22,2.0,0
3603,81,23,2.0,0
3604,81,24,2.0,0
3605,81,25,2.0,0
3606,81,26,2.0,0
3607,81,27,2.0,0
3608,81,28,2.0,0
3609,81,29,2.0,0
3610,81,30,2.0,0
3611,81,31,2.0,0
3612,81,32,2.0,0
3613,81,33,2.0,0
3614,81,34,2.0,0
3615,81,35,2.0,0
3616,81,36,2.0,0
3617,81,37,2.0,0
3618,81,38,2.0,0
3619,81,39,2.0,0
3620,81,40,2.0,0
3621,81,41,2.0,0
3622,81,42,2.0,0
3623,81,43,2.0,0
3624,81,44,2.0,0
3625,81,45,2.0,0
3626,81,46,2.0,0
3627,81,47,2.0,0
3628,81,48,2.0,0
3629,81,49,2.0,0
3630,82,5,2.0,0
3631,82,6,2.0,0
3632,82,7,2.0,0
3633,82,8,2.0,0
3634,82,9,2.0,0
3635,82,10,1.0,0
3636,82,11,1.0,0
3637,82,12,1.0,0
3638,82,13,2.0,0
3639,82,14,2.0,0
3640,82,15,2.0,0
3641,82,16,2.0,0
3642,82,17,2.0,0
3643,82,18,1.0,0
3644,82,19,2.0,0
3645,82,20,2.0,0
3646,82,21,2.0,0
3647,82,22,2.0,0
3648,82,23,2.0,0
3649,82,24,2.0,0
3650,82,25,1.0,0
3651,82,26,2.0,0
3652,82,27,2.0,0
3653,82,28,2.0,0
3654,82,29,2.0,0
3655,82,30,2.0,0
3656,82,31,2.0,0
3657,82,32,2.0,0
3658,82,33,2.0,0
3659,82,34,2.0,0
3660,82,35,2.0,0
3661,82,36,2.0,0
3662,82,37,2.0,0
3663,82,38,2.0,0
3664,82,39,2.0,0
3665,82,40,2.0,0
3666,82,41,2.0,0
3667,82,42,2.0,0
3668,82,43,2.0,0
3669,82,44,2.0,0
3670,82,45,2.0,0
3671,82,46,2.0,0
3672,82,47,2.0,0
3673,82,48,1.0,0
3674,82,49,2.0,0
3675,83,5,2.0,0
3676,83,6,2.0,0
3677,83,7,1.0,0
3678,83,8,2.0,0
3679,83,9,1.0,0
3680,83,10,1.0,0
3681,83,11,2.0,0
3682,83,12,2.0,0
3683,83,13,2.0,0
3684,83,14,2.0,0
3685,83,15,2.0,0
3686,83,16,2.0,0
3687,83,17,2.0,0
3688,83,18,2.0,0
3689,83,19,1.0,0
3690,83,20,2.0,0
3691,83,21,1.0,0
3692,83,22,2.0,0
3693,83,23,2.0,0
3694,83,24,2.0,0
3695,83,25,1.0,0
3696,83,26,2.0,0
3697,83,27,2.0,0
3698,83,28,2.0,0
3699,83,29,2.0,0
3700,83,30,2.0,0
3701,83,31,2.0,0
3702,83,32,2.0,0
3703,83,33,2.0,0
3704,83,34,2.0,0
3705,83,35,2.0,0
3706,83,36,2.0,0
3707,83,37,2.0,0
3708,83,38,2.0,0
3709,83,39,2.0,0
3710,83,40,2.0,0
3711,83,41,2.0,0
3712,83,42,2.0,0
3713,83,43,2.0,0
3714,83,44,1.0,0
3715,83,45,2.0,0
3716,83,46,2.0,0
3717,83,47,2.0,0
3718,83,48,2.0,0
3719,83,49,2.0,0
3720,84,5,2.0,0
3721,84,6,2.0,0
3722,84,7,1.0,0
3723,84,8,2.0,0
3724,84,9,2.0,0
3725,84,10,2.0,0
3726,84,11,2.0,0
3727,84,12,1.0,0
3728,84,13,2.0,0
3729,84,14,2.0,0
3730,84,15,2.0,0
3731,84,16,2.0,0
3732,84,17,2.0,0
3733,84,18,2.0,0
3734,84,19,1.0,0
3735,84,20,2.0,0
3736,84,21,2.0,0
3737,84,22,2.0,0
3738,84,23,2.0,0
3739,84,24,2.0,0
3740,84,25,2.0,0
3741,84,26,1.0,0
3742,84,27,1.0,0
3743,84,28,2.0,0
3744,84,29,2.0,0
3745,84,30,2.0,0
3746,84,31,2.0,0
3747,84,32,1.0,0
3748,84,33,2.0,0
3749,84,34,1.0,0
3750,84,35,2.0,0
3751,84,36,2.0,0
3752,84,37,2.0,0
3753,84,38,2.0,0
3754,84,39,2.0,0
3755,84,40,2.0,0
3756,84,41,2.0,0
3757,84,42,2.0,0
3758,84,43,2.0,0
3759,84,44,2.0,0
3760,84,45,1.0,0
3761,84,46,2.0,0
3762,84,47,2.0,0
3763,84,48,2.0,0
3764,84,49,2.0,0
3765,85,5,1.0,0
3766,85,6,1.0,0
3767,85,7,1.0,0
3768,85,8,1.0,0
3769,85,9,2.0,0
3770,85,10,2.0,0
3771,85,11,2.0,0
3772,85,12,2.0,0
3773,85,13,1.0,0
3774,85,14,1.0,0
3775,85,15,1.0,0
3776,85,16,1.0,0
3777,85,17,1.0,0
3778,85,18,1.0,0
3779,85,19,2.0,0
3780,85,20,2.0,0
3781,85,21,1.0,0
3782,85,22,2.0,0
3783,85,23,1.0,0
3784,85,24,2.0,0
3785,85,25,2.0,0
3786,85,26,2.0,0
3787,85,27,2.0,0
3788,85,28,2.0,0
3789,85,29,2.0,0
3790,85,30,1.0,0
3791,85,31,2.0,0
3792,85,32,1.0,0
3793,85,33,2.0,0
3794,85,34,2.0,0
3795,85,35,2.0,0
3796,85,36,2.0,0
3797,85,37,2.0,0
3798,85,38,2.0,0
3799,85,39,2.0,0
3800,85,40,1.0,0
3801,85,41,1.0,0
3802,85,42,2.0,0
3803,85,43,2.0,0
3804,85,44,1.0,0
3805,85,45,1.0,0
3806,85,46,1.0,0
3807,85,47,1.0,0
3808,85,48,2.0,0
3809,85,49,2.0,0
3810,86,5,1.0,0
3811,86,6,2.0,0
3812,86,7,2.0,0
3813,86,8,1.0,0
3814,86,9,1.0,0
3815,86,10,2.0,0
3816,86,11,2.0,0
3817,86,12,2.0,0
3818,86,13,2.0,0
3819,86,14,1.0,0
3820,86,15,1.0,0
3821,86,16,1.0,0
3822,86,17,1.0,0
3823,86,18,2.0,0
3824,86,19,1.0,0
3825,86,20,2.0,0
3826,86,21,2.0,0
3827,86,22,2.0,0
3828,86,23,1.0,0
3829,86,24,2.0,0
3830,86,25,1.0,0
3831,86,26,1.0,0
3832,86,27,1.0,0
3833,86,28,2.0,0
3834,86,29,1.0,0
3835,86,30,1.0,0
3836,86,31,1.0,0
3837,86,32,2.0,0
3838,86,33,2.0,0
3839,86,34,2.0,0
3840,86,35,1.0,0
3841,86,36,2.0,0
3842,86,37,1.0,0
3843,86,38,1.0,0
3844,86,39,2.0,0
3845,86,40,2.0,0
3846,86,41,2.0,0
3847,86,42,2.0,0
3848,86,43,2.0,0
3849,86,44,1.0,0
3850,86,45,1.0,0
3851,86,46,1.0,0
3852,86,47,2.0,0
3853,86,48,2.0,0
3854,86,49,1.0,0
3855,87,5,1.0,0
3856,87,6,2.0,0
3857,87,7,2.0,0
3858,87,8,2.0,0
3859,87,9,2.0,0
3860,87,10,2.0,0
3861,87,11,2.0,0
3862,87,12,1.0,0
3863,87,13,2.0,0
3864,87,14,2.0,0
3865,87,15,1.0,0
3866,87,16,1.0,0
3867,87,17,1.0,0
3868,87,18,1.0,0
3869,87,19,1.0,0
3870,87,20,2.0,0
3871,87,21,1.0,0
3872,87,22,1.0,0
3873,87,23,1.0,0
3874,87,24,2.0,0
3875,87,25,1.0,0
3876,87,26,1.0,0
3877,87,27,1.0,0
3878,87,28,1.0,0
3879,87,29,2.0,0
3880,87,30,1.0,0
3881,87,31,1.0,0
3882,87,32,1.0,0
3883,87,33,2.0,0
3884,87,34,1.0,0
3885,87,35,1.0,0
3886,87,36,1.0,0
3887,87,37,1.0,0
3888,87,38,1.0,0
3889,87,39,1.0,0
3890,87,40,2.0,0
3891,87,41,1.0,0
3892,87,42,2.0,0
3893,87,43,2.0,0
3894,87,44,1.0,0
3895,87,45,1.0,0
3896,87,46,1.0,0
3897,87,47,1.0,0
3898,87,48,1.0,0
3899,87,49,1.0,0
3900,88,5,1.0,0
3901,88,6,2.0,0
3902,88,7,1.0,0
3903,88,8,2.0,0
3904,88,9,2.0,0
3905,88,10,1.0,0
3906,88,11,1.0,0
3907,88,12,2.0,0
3908,88,13,2.0,0
3909,88,14,2.0,0
3910,88,15,2.0,0
3911,88,16,1.0,0
3912,88,17,1.0,0
3913,88,18,1.0,0
3914,88,19,1.0,0
3915,88,20,1.0,0
3916,88,21,1.0,0
3917,88,22,2.0,0
3918,88,23,1.0,0
3919,88,24,1.0,0
3920,88,25,1.0,0
3921,88,26,1.0,0
3922,88,27,1.0,0
3923,88,28,1.0,0
3924,88,29,2.0,0
3925,88,30,1.0,0
3926,88,31,1.0,0
3927,88,32,2.0,0
3928,88,33,2.0,0
3929,88,34,1.0,0
3930,88,35,1.0,0
3931,88,36,1.0,0
3932,88,37,2.0,0
3933,88,38,2.0,0
3934,88,39,1.0,0
3935,88,40,2.0,0
3936,88,41,1.0,0
3937,88,42,1.0,0
3938,88,43,1.0,0
3939,88,44,2.0,0
3940,88,45,2.0,0
3941,88,46,2.0,0
3942,88,47,2.0,0
3943,88,48,1.0,0
3944,88,49,1.0,0
3945,89,5,1.0,0
3946,89,6,1.0,0
3947,89,7,1.0,0
3948,89,8,1.0,0
3949,89,9,2.0,0
3950,89,10,1.0,0
3951,89,11,1.0,0
3952,89,12,1.0,0
3953,89,13,2.0,0
3954,89,14,1.0,0
3955,89,15,1.0,0
3956,89,16,2.0,0
3957,89,17,1.0,0
3958,89,18,1.0,0
3959,89,19,1.0,0
3960,89,20,1.0,0
3961,89,21,1.0,0
3962,89,22,2.0,0
3963,89,23,1.0,0
3964,89,24,1.0,0
3965,89,25,1.0,0
3966,89,26,2.0,0
3967,89,27,1.0,0
3968,89,28,1.0,0
3969,89,29,1.0,0
3970,89,30,1.0,0
3971,89,31,1.0,0
3972,89,32,1.0,0
3973,89,33,1.0,0
3974,89,34,1.0,0
3975,89,35,1.0,0
3976,89,36,1.0,0
3977,89,37,1.0,0
3978,89,38,1.0,0
3979,89,39,1.0,0
3980,89,40,1.0,0
3981,89,41,1.0,0
3982,89,42,1.0,0
3983,89,43,1.0,0
3984,89,44,1.0,0
3985,89,45,1.0,0
3986,89,46,1.0,0
3987,89,47,2.0,0
3988,89,48,2.0,0
3989,89,49,1.0,0
3990,90,5,1.0,0
3991,90,6,1.0,0
3992,90,7,1.0,0
3993,90,8,1.0,0
3994,90,9,1.0,0
3995,90,10,2.0,0
3996,90,11,1.0,0
3997,90,12,1.0,0
3998,90,13,1.0,0
3999,90,14,1.0,0
4000,90,15,2.0,0
4001,90,16,2.0,0
4002,90,17,2.0,0
4003,90,18,1.0,0
4004,90,19,1.0,0
4005,90,20,1.0,0
4006,90,21,1.0,0
4007,90,22,1.0,0
4008,90,23,1.0,0
4009,90,24,1.0,0
4010,90,25,2.0,0
4011,90,26,1.0,0
4012,90,27,1.0,0
4013,90,28,1.0,0
4014,90,29,1.0,0
4015,90,30,1.0,0
4016,90,31,1.0,0
4017,90,32,1.0,0
4018,90,33,1.0,0
4019,90,34,1.0,0
4020,90,35,2.0,0
4021,90,36,1.0,0
4022,90,37,1.0,0
4023,90,38,2.0,0
4024,90,39,1.0,0
4025,90,40,1.0,0
4026,90,41,1.0,0
4027,90,42,1.0,0
4028,90,43,1.0,0
4029,90,44,2.0,0
4030,90,45,1.0,0
4031,90,46,1.0,0
4032,90,47,1.0,0
4033,90,48,1.0,0
4034,90,49,1.0,0
4035,91,5,1.0,0
4036,91,6,2.0,0
4037,91,7,1.0,0
4038,91,8,1.0,0
4039,91,9,1.0,0
4040,91,10,1.0,0
4041,91,11,1.0,0
4042,91,12,2.0,0
4043,91,13,1.0,0
4044,91,14,1.0,0
4045,91,15,1.0,0
4046,91,16,1.0,0
4047,91,17,1.0,0
4048,91,18,1.0,0
4049,91,19,1.0,0
4050,91,20,1.0,0
4051,91,21,1.0,0
4052,91,22,1.0,0
4053,91,23,1.0,0
4054,91,24,1.0,0
4055,91,25,1.0,0
4056,91,26,1.0,0
4057,91,27,1.0,0
4058,91,28,1.0,0
4059,91,29,1.0,0
4060,91,30,1.0,0
4061,91,31,1.0,0
4062,91,32,1.0,0
4063,91,33,1.0,0
4064,91,34,2.0,0
4065,91,35,1.0,0
4066,91,36,1.0,0
4067,91,37,1.0,0
4068,91,38,1.0,0
4069,91,39,1.0,0
4070,91,40,1.0,0
4071,91,41,1.0,0
4072,91,42,1.0,0
4073,91,43,1.0,0
4074,91,44,1.0,0
4075,91,45,1.0,0
4076,91,46,1.0,0
4077,91,47,1.0,0
4078,91,48,1.0,0
4079,91,49,2.0,0
4080,92,5,1.0,0
4081,92,6,1.0,0
4082,92,7,1.0,0
4083,92,8,1.0,0
4084,92,9,1.0,0
4085,92,10,1.0,0
4086,92,11,1.0,0
4087,92,12,1.0,0
4088,92,13,1.0,0
4089,92,14,1.0,0
4090,92,15,1.0,0
4091,92,16,1.0,0
4092,92,17,1.0,0
4093,92,18,1.0,0
4094,92,19,1.0,0
4095,92,20,1.0,0
4096,92,21,1.0,0
4097,92,22,1.0,0
4098,92,23,1.0,0
4099,92,24,1.0,0
4100,92,25,1.0,0
4101,92,26,1.0,0
4102,92,27,1.0,0
4103,92,28,1.0,0
4104,92,29,1.0,0
4105,92,30,1.0,0
4106,92,31,1.0,0
4107,92,32,1.0,0
4108,92,33,1.0,0
4109,92,34,1.0,0
4110,92,35,1.0,0
4111,92,36,1.0,0
4112,92,37,2.0,0
4113,92,38,1.0,0
4114,92,39,1.0,0
4115,92,40,1.0,0
4116,92,41,1.0,0
4117,92,42,1.0,0
4118,92,43,1.0,0
4119,92,44,1.0,0
4120,92,45,1.0,0
4121,92,46,1.0,0
4122,92,47,1.0,0
4123,92,48,1.0,0
4124,92,49,1.0,0
4125,93,5,1.0,0
4126,93,6,1.0,0
4127,93,7,1.0,0
4128,93,8,1.0,0
4129,93,9,1.0,0
4130,93,10,1.0,0
4131,93,11,1.0,0
4132,93,12,1.0,0
4133,93,13,1.0,0
4134,93,14,1.0,0
4135,93,15,1.0,0
4136,93,16,1.0,0
4137,93,17,1.0,0
4138,93,18,1.0,0
4139,93,19,1.0,0
4140,93,20,1.0,0
4141,93,21,1.0,0
4142,93,22,1.0,0
4143,93,23,2.0,0
4144,93,24,1.0,0
4145,93,25,1.0,0
4146,93,26,1.0,0
4147,93,27,1.0,0
4148,93,28,1.0,0
4149,93,29,1.0,0
4150,93,30,1.0,0
4151,93,31,1.0,0
4152,93,32,1.0,0
4153,93,33,1.0,0
4154,93,34,1.0,0
4155,93,35,1.0,0
4156,93,36,1.0,0
4157,93,37,1.0,0
4158,93,38,1.0,0
4159,93,39,1.0,0
4160,93,40,1.0,0
4161,93,41,1.0,0
4162,93,42,1.0,0
4163,93,43,1.0,0
4164,93,44,1.0,0
4165,93,45,1.0,0
4166,93,46,1.0,0
4167,93,47,1.0,0
4168,93,48,2.0,0
4169,93,49,1.0,0
4170,94,5,1.0,0
4171,94,6,1.0,0
4172,94,7,1.0,0
4173,94,8,1.0,0
4174,94,9,1.0,0
4175,94,10,1.0,0
4176,94,11,1.0,0
4177,94,12,1.0,0
4178,94,13,1.0,0
4179,94,14,1.0,0
4180,94,15,1.0,0
4181,94,16,1.0,0
4182,94,17,1.0,0
4183,94,18,1.0,0
4184,94,19,1.0,0
4185,94,20,1.0,0
4186,94,21,1.0,0
4187,94,22,1.0,0
4188,94,23,1.0,0
4189,94,24,1.0,0
4190,94,25,1.0,0
4191,94,26,1.0,0
4192,94,27,1.0,0
4193,94,28,1.0,0
4194,94,29,1.0,0
4195,94,30,1.0,0
4196,94,31,1.0,0
4197,94,32,1.0,0
4198,94,33,1.0,0
4199,94,34,1.0,0
4200,94,35,1.0,0
4201,94,36,1.0,0
4202,94,37,1.0,0
4203,94,38,1.0,0
4204,94,39,1.0,0
4205,94,40,1.0,0
4206,94,41,1.0,0
4207,94,42,1.0,0
4208,94,43,1.0,0
4209,94,44,1.0,0
4210,94,45,2.0,0
4211,94,46,1.0,0
4212,94,47,1.0,0
4213,94,48,1.0,0
4214,94,49,1.0,0
4215,95,5,1.0,0
4216,95,6,1.0,0
4217,95,7,1.0,0
4218,95,8,1.0,0
4219,95,9,1.0,0
4220,95,10,1.0,0
4221,95,11,1.0,0
4222,95,12,1.0,0
4223,95,13,1.0,0
4224,95,14,1.0,0
4225,95,15,1.0,0
4226,95,16,1.0,0
4227,95,17,1.0,0
4228,95,18,1.0,0
4229,95,19,1.0,0
4230,95,20,1.0,0
4231,95,21,1.0,0
4232,95,22,1.0,0
4233,95,23,1.0,0
4234,95,24,1.0,0
4235,95,25,1.0,0
4236,95,26,1.0,0
4237,95,27,1.0,0
4238,95,28,1.0,0
4239,95,29,1.0,0
4240,95,30,1.0,0
4241,95,31,1.0,0
4242,95,32,1.0,0
4243,95,33,1.0,0
4244,95,34,1.0,0
4245,95,35,1.0,0
4246,95,36,1.0,0
4247,95,37,1.0,0
4248,95,38,1.0,0
4249,95,39,1.0,0
4250,95,40,1.0,0
4251,95,41,1.0,0
4252,95,42,1.0,0
4253,95,43,1.0,0
4254,95,44,1.0,0
4255,95,45,1.0,0
4256,95,46,1.0,0
4257,95,47,1.0,0
4258,95,48,1.0,0
4259,95,49,1.0,0
4260,96,5,1.0,0
4261,96,6,1.0,0
4262,96,7,1.0,0
4263,96,8,1.0,0
4264,96,9,1.0,0
4265,96,10,1.0,0
4266,96,11,1.0,0
4267,96,12,1.0,0
4268,96,13,1.0,0
4269,96,14,1.0,0
4270,96,15,1.0,0
4271,96,16,1.0,0
4272,96,17,1.0,0
4273,96,18,1.0,0
4274,96,19,1.0,0
4275,96,20,1.0,0
4276,96,21,1.0,0
4277,96,22,1.0,0
4278,96,23,1.0,0
4279,96,24,1.0,0
4280,96,25,1.0,0
4281,96,26,1.0,0
4282,96,27,1.0,0
4283,96,28,1.0,0
4284,96,29,1.0,0
4285,96,30,1.0,0
4286,96,31,1.0,0
4287,96,32,1.0,0
4288,96,33,1.0,0
4289,96,34,1.0,0
4290,96,35,1.0,0
4291,96,36,1.0,0
4292,96,37,1.0,0
4293,96,38,1.0,0
4294,96,39,1.0,0
4295,96,40,1.0,0
4296,96,41,1.0,0
4297,96,42,1.0,0
4298,96,43,1.0,0
4299,96,44,1.0,0
4300,96,45,1.0,0
4301,96,46,1.0,0
4302,96,47,1.0,0
4303,96,48,1.0,0
4304,96,49,1.0,0
4305,97,5,1.0,0
4306,97,6,1.0,0
4307,97,7,1.0,0
4308,97,8,1.0,0
4309,97,9,1.0,0
4310,97,10,1.0,0
4311,97,11,1.0,0
4312,97,12,1.0,0
4313,97,13,1.0,0
4314,97,14,1.0,0
4315,97,15,1.0,0
4316,97,16,1.0,0
4317,97,17,1.0,0
4318,97,18,1.0,0
4319,97,19,1.0,0
4320,97,20,1.0,0
4321,97,21,1.0,0
4322,97,22,1.0,0
4323,97,23,1.0,0
4324,97,24,1.0,0
4325,97,25,1.0,0
4326,97,26,1.0,0
4327,97,27,1.0,0
4328,97,28,1.0,0
4329,97,29,1.0,0
4330,97,30,1.0,0
4331,97,31,1.0,0
4332,97,32,1.0,0
4333,97,33,1.0,0
4334,97,34,1.0,0
4335,97,35,1.0,0
4336,97,36,1.0,0
4337,97,37,1.0,0
4338,97,38,1.0,0
4339,97,39,1.0,0
4340,97,40,1.0,0
4341,97,41,1.0,0
4342,97,42,1.0,0
4343,97,43,1.0,0
4344,97,44,1.0,0
4345,97,45,1.0,0
4346,97,46,1.0,0
4347,97,47,1.0,0
4348,97,48,1.0,0
4349,97,49,1.0,0
4350,98,5,1.0,0
4351,98,6,1.0,0
4352,98,7,1.0,0
4353,98,8,1.0,0
4354,98,9,1.0,0
4355,98,10,1.0,0
4356,98,11,1.0,0
4357,98,12,1.0,0
4358,98,13,1.0,0
4359,98,14,1.0,0
4360,98,15,1.0,0
4361,98,16,1.0,0
4362,98,17,1.0,0
4363,98,18,1.0,0
4364,98,19,1.0,0
4365,98,20,1.0,0
4366,98,21,1.0,0
4367,98,22,1.0,0
4368,98,23,1.0,0
4369,98,24,1.0,0
4370,98,25,1.0,0
4371,98,26,1.0,0
4372,98,27,1.0,0
4373,98,28,1.0,0
4374,98,29,1.0,0
4375,98,30,1.0,0
4376,98,31,1.0,0
4377,98,32,1.0,0
4378,98,33,1.0,0
4379,98,34,1.0,0
4380,98,35,1.0,0
4381,98,36,1.0,0
4382,98,37,1.0,0
4383,98,38,1.0,0
4384,98,39,1.0,0
4385,98,40,1.0,0
4386,98,41,1.0,0
4387,98,42,1.0,0
4388,98,43,1.0,0
4389,98,44,1.0,0
4390,98,45,1.0,0
4391,98,46,1.0,0
4392,98,47,1.0,0
4393,98,48,1.0,0
4394,98,49,1.0,0
4395,99,5,1.0,0
4396,99,6,1.0,0
4397,99,7,1.0,0
4398,99,8,1.0,0
4399,99,9,1.0,0
4400,99,10,1.0,0
4401,99,11,1.0,0
4402,99,12,1.0,0
4403,99,13,1.0,0
4404,99,14,1.0,0
4405,99,15,1.0,0
4406,99,16,1.0,0
4407,99,17,1.0,0
4408,99,18,1.0,0
4409,99,19,1.0,0
4410,99,20,1.0,0
4411,99,21,1.0,0
4412,99,22,1.0,0
4413,99,23,1.0,0
4414,99,24,1.0,0
4415,99,25,1.0,0
4416,99,26,1.0,0
4417,99,27,1.0,0
4418,99,28,1.0,0
4419,99,29,1.0,0
4420,99,30,1.0,0
4421,99,31,1.0,0
4422,99,32,1.0,0
4423,99,33,1.0,0
4424,99,34,1.0,0
4425,99,35,1.0,0
4426,99,36,1.0,0
4427,99,37,1.0,0
4428,99,38,1.0,0
4429,99,39,1.0,0
4430,99,40,1.0,0
4431,99,41,1.0,0
4432,99,42,1.0,0
4433,99,43,1.0,0
4434,99,44,1.0,0
4435,99,45,1.0,0
4436,99,46,1.0,0
4437,99,47,1.0,0
4438,99,48,1.0,0
4439,99,49,1.0,0
